English,Turkish
what,ne
get,almak
your,sizin
he,o
know,bilmek
go,gitmek
just,sadece
with,ile
but,fakat
so,"bu yüzden, yani, öyle"
all,herşey
there,orada
here,"burada, işte"
right,sağ
like,sevmek
if,eğer
was,oldu
can,yapabilmek
she,o
out,dışarı
about,hakkında
they,onlar
want,istemek
one,bir
say,söylemek
up,yukarı
him,onu
well,iyi
how,nasıl
think,düşünmek
now,şimdi
her,ona
come,gelmek
tell,söylemek
look,bakmak
take,almak
gonna,olacak
you,sen
make,yapmak
why,neden
see,görmek
need,"ihtiyaç, ihtiyaç duymak"
who,kim
good,iyi
back,geri
us,bize
as,"gibi, olarak"
time,zaman
his,onun
when,ne zaman
from,"itibaren, -den beri"
them,onları
would,olur
were,idi
an,bir
thing,"şey, nesne, obje"
our,bizim
where,nerede
then,daha sonra
or,veya
really,"gerçekten, hakikaten"
guy,"adam, herif"
mean,anlamına gelmek
had,vardı
to,için
some,bazı
it,o
way,yol
do,yapmak
thank,teşekkür
talk,konuşma
people,insanlar
because,çünkü
more,daha
sorry,üzgünüm
man,adam
work,iş
never,asla
by,tarafından
too,çok
down,aşağı
kill,öldürmek
should,meli
help,yardım
give,vermek
call,aramak
little,küçük
happen,"meydana gelmek, olmak"
only,"sadece, tek"
wait,bekle
find,bulmak
god,tanrı
sure,"elbette, emin"
off,kapalı
love,aşk
day,gün
over,bitmiş
keep,tut
maybe,belki
two,iki
still,"hâla, durgun, hareketsiz"
please,lütfen
even,hatta
any,herhangi
try,denemek
friend,arkadaş
stop,dur
feel,hissetmek
that,"şu, o"
we,biz
hear,duymak
and,ve
other,diğer
new,yeni
into,içine
thought,düşünce
before,önce
than,göre
ask,sormak
much,çok
yes,evet
these,bunlar
anything,"hiçbir şey, her şey"
use,"kullanmak, kullanım"
put,koymak
first,ilk
again,tekrar
great,harika
night,gece
very,çok
their,onların
last,son
year,yıl
life,hayat
nothing,hiçbir şey değil
after,sonra
believe,inanmak
leave,ayrılmak
those,"onlar, şunlar"
have,sahip olmak
name,isim
better,daha iyi
ever,hiç
move,hareket
long,uzun
place,"yer, yerleştirmek"
someone,birisi
start,başlat
ok,tamam
fine,"iyi, hoş, ceza kesmek"
everything,her şey
stay,kalmak
always,her zaman
girl,kız
mr,bay
father,baba
home,ev
of,nın-nin
be,olmak
away,uzakta
kind,"tür, çeşit"
kid,çocuk
me,ben
done,tamam
live,canlı
big,büyük
hell,cehennem
dead,ölü
die,ölmek
every,"her, bütün, her bir"
listen,dinlemek
which,hangi
lot,çok
might,belki
made,yapılmış
through,vasıtasıyla
around,"çevrede, etrafında"
head,kafa
bad,kötü
on,üzerinde
wrong,yanlış
nice,güzel
boy,"oğlan, erkek"
enough,yeterli
remember,hatırlamak
else,başka
son,"oğul, evlat, çocuk"
left,"sol, kalmak"
turn,"dönmek, çevirmek"
care,"önemsemek, bakım, ilgi"
own,kendi
show,göstermek
hand,el
run,"koşmak, çalıştırmak"
hi,selam
guess,tahmin
play,oyna
understand,anlama
baby,bebek
found,"kurmak, tesis etmek, bulunmuş"
three,üç
watch,izlemek
dad,baba
another,"diğer, başka"
hold,"ambar, tutma"
best,en iyi
actually,aslında
fight,kavga
course,kurs
world,dünya
city,şehir
for,için
old,"eski, yaşlı"
came,geldi
bring,getirmek
same,aynı
saw,testere
brother,erkek kardeş
mom,anne
hello,merhaba
mind,"akıl, önemsemek"
does,yapar
next,sonraki
meet,"tanışmak, buluşmak, karşılaşmak"
together,birlikte
end,son
king,kral
not,değil
yourself,kendin
miss,özlemek
mother,anne
went,gitti
already,"zaten, çoktan"
family,aile
job,iş
idea,fikir
real,gerçek
pretty,"tatlı, hoş, sevimli"
many,çok
everyone,herkes
money,para
wanna,istiyorum
men,erkekler
sound,ses
question,soru
both,her ikisi de
worry,endişelenmek
problem,sorun
whole,bütün
open,açık
word,sözcük
matter,"önemli olmak, madde, mesele"
anyone,kimse
while,süre
huh,ha
without,olmadan
room,oda
eye,göz
once,bir zamanlar
ready,hazır
hard,zor
woman,kadın
coming,gelecek
seen,görüldü
change,"değiştirmek, değişiklik"
today,bugün
hope,umut
seem,görünmek
trust,"güvenmek, güven"
happy,mutlu
yet,henüz
point,puan
minute,dakika
gotta,"-meli, -malı"
part,bölüm
most,"çoğu, en çok"
house,ev
second,ikinci
face,yüz
walk,yürümek
save,kayıt etmek
hour,saat
damn,lanet olsun
since,dan beri
lost,kayıp
check,kontrol
something,"bir şey, falan"
until,a kadar
stuff,şey
lord,kral
deal,"anlaşma, ilgilenmek"
lie,"yalan söylemek, yatmak, uzanmak,"
ago,önce
week,hafta
number,numara
whatever,her neyse
myself,kendim
exactly,"kesinlikle, tamamen"
hurt,canını yakmak
sir,bayım
tonight,"bu gece, bu akşam"
car,araba
few,az
date,"tarih, randevu, biriyle çıkmak"
sleep,"uyumak, uyku"
probably,muhtemelen
close,kapat
alone,yalnız
whoa,çüş
fuck,kahretsin
phone,telefon
safe,"güvenilir, güvende"
door,kapı
eat,yemek
TRUE,doğru
person,kişi
doe,dişi geyik
fun,eğlence
speak,konuşmak
gun,tabanca
queen,kraliçe
cause,"sebep olmak, sebep"
stand,ayakta durmak
each,her biri
case,durum
break,"mola, mola vermek"
drink,"içmek, içki"
chance,şans
game,oyun
reason,neden
hit,vurmak
pick,toplamak
month,ay
gave,verdi
shit,bok
wow,vay
excuse,bahane
death,ölüm
rest,dinlenme
bit,"bit, gem, önemsiz"
morn,sabah
lady,hanım
cool,"havalı, serinlik"
wife,kadın eş
five,beş
figure,"rakam, şekil, yer almak, ifade etmek"
sit,oturmak
story,hikaye
answer,cevap vermek
alive,canlı
forget,unutmak
wish,"dilek, dilemek"
win,kazanmak
also,"ayrıca, aynı zamanda"
fire,ateş
such,böyle
crazy,çılgın
buy,satın almak
interest,"ilgi, ilgisini çekmek"
under,altında
side,yan
sister,kız kardeş
mine,benim
truth,hakikat
easy,kolay
shot,"atış, vurmak"
least,en az
read,okumak
far,uzak
party,parti
hate,nefret
soon,yakında
inside,içeride
pull,çek
clear,"temiz, açık, berrak"
anymore,artık
hang,asmak
tomorrow,yarın
follow,takip et
anyway,neyse
everybody,herkes
shut,kapamak
different,farklı
pay,ödemek
lose,kaybetmek
stupid,aptal
order,sipariş
school,okul
moment,an
daughter,kız evlat
business,iş
secret,gizli
no,hayır
book,kitap
against,karşısında
heart,kalp
build,"yapı, inşa etmek"
protect,korumak
war,savaş
late,geç
light,ışık
afraid,"korkmuş, kaygılı, üzgün"
blood,kan
send,gönder
four,dört
choice,seçim
either,ya
promise,söz vermek
learn,öğrenmek
water,su
wear,"giymek, giyinmek"
hot,sıcak
cut,kesmek
behind,arkasında
met,tanışmak
island,ada
power,güç
funny,komik
supposed,sözde
line,hat
sometimes,bazen
later,sonra
welcome,hoşgeldiniz
food,gıda
drive,sürmek
couple,çift
wall,duvar
somebody,birisi
almost,neredeyse
brought,getirdi
important,önemli
free,beleş
wedding,düğün
between,arasında
begin,başlamak
body,"vücut, gövde, ceset"
murder,cinayet
machine,makine
dude,kanka
dinner,akşam yemegi
lead,öncülük etmek
sign,işaret
though,rağmen
team,takım
land,arazi
fact,gerçek
return,dönüş
sex,cinsiyet
half,yarım
star,yıldız
dream,rüya
dog,köpek
office,ofis
able,yapabilmek
wonder,merak etmek
attack,"saldırı, saldırmak"
shoot,"film çekmek, ateş etmek"
arrow,ok
children,çocuklar
weird,tuhaf
pass,"geçmek, geçiş"
bitch,"kahpe, kaltak"
child,çocuk
fall,"inmek, düşmek, sonbahar"
drop,düşürmek
beautiful,güzel
outside,dışarıda
husband,koca
women,kadınlar
high,yüksek
steal,çalmak
rule,kural
six,altı
surprise,sürpriz
nobody,kimse
detective,dedektif
accept,kabul etmek
hide,saklamak
act,davranmak
young,genç
cop,polis
perhaps,belki
making,yapımı
okay,tamam
sent,gönderilen
doctor,doktor
bed,yatak
touch,dokunma
system,sistem
past,geçmiş
living,yaşam
offer,teklif
expect,"ummak, beklemek"
front,ön
trouble,sorun
clean,temiz
become,"olmak, haline gelmek"
honey,bal
burn,"yakmak, yanmak"
step,adım
wake,uyanmak
ass,"kıç, kalça"
black,siyah
state,durum
sweet,tatlı
train,tren
totally,tamamen
cover,örtmek
didnt,hiç
glad,memnun
quite,epeyce
perfect,mükemmel
throw,atmak
full,"tam, dolu"
police,polis
street,sokak
parent,ebeveyn
ring,halka
company,şirket
army,ordu
control,kontrol
bet,"bahis, iddiaya girmek"
air,hava
finish,bitiş
magic,"sihir, sihirbazlık"
weapon,silah
ahead,"ilerde, önde"
count,"saymak, sayı"
anybody,kimse
yeah,evet
running,koşu
town,kasaba
mistake,hata
decide,karar vermek
sense,duyu
catch,yakalamak
realize,"gerçekleştirmek, farkına varmak"
choose,seçmek
himself,kendisi
green,yeşil
built,inşa edilmiş (build)
relationship,ilişki
explain,açıklamak
luck,şans
rick,"burkulma, burkmak"
died,vefat etti
shall,kaçınılmazlık belirtir
ground,zemin
earth,dünya
finally,en sonunda
seriously,ciddi anlamda
sort,çeşit
none,yok
meant,"anlamına gelmek, kastedilen"
known,bilinen
kiss,öpmek
somewhere,bir yerde
track,izlemek
longer,daha uzun
future,gelecek
apartment,Daire
less,daha az
lucky,şanslı
worse,daha kötüsü
blow,"esmek, üflemek, darbe"
hair,saç
unless,olmadıkça
join,katılmak
boat,"tekne, sandalla gezmek"
list,liste
honor,"onur, şeref, onurlandırmak"
enjoy,keyfini çıkarın
this,bu
serious,ciddi
ship,gemi
destroy,yıkmak
along,boyunca
test,"sınamak, test etmek, test"
guard,bekçi
push,"itelemek, itmek"
key,anahtar
boss,patron
sick,hasta
agree,"aynı fikirde olmak, anlaşmak"
buddy,"arkadaş, ahbap"
suit,takım elbise
spend,harcamak
lock,kilit
beat,dövmek
cry,ağla
ride,binmek
fault,"arıza, hatası olmak"
broke,kırdı
fix,düzeltmek
science,bilim
fear,korku
worth,değer
smart,akıllı
human,insan
message,"mesaj, ileti"
white,beyaz
law,yasa
security,güvenlik
arm,kol
possible,mümkün
captain,kaptan
allow,izin vermek
special,özel
bye,hoşçakal
drug,ilaç
space,"alan, boş yer, mekan"
fair,adil
picture,resim
mad,"deli, kızgın, çılgın"
scar,yara izi
absolutely,kesinlikle
strong,kuvvetli
top,üst
write,yazmak
north,kuzey
share,"paylaşmak, pay"
dear,sayın
gift,hediye
smell,koku
ten,on
red,kırmızı
shh,şşş
deserve,hak etmek
dress,elbise
piece,"parça, eklemek"
joke,şaka
code,kod
small,küçük
till,-e kadar
dark,karanlık
charge,şarj etmek
record,kayıt
stick,çubuk
movie,film
swear,"küfür etmek, yemin etmek"
box,kutu
fast,hızlı
entire,tüm
consider,düşünmek
mrs,evli kadın
grow,büyümek
saved,kaydedilmiş
bag,sırt çantası
instead,yerine
except,dışında
girlfriend,kız arkadaşı
crime,suç
kick,atmak
brain,beyin
dangerous,tehlikeli
pain,ağrı
rock,kaya
million,milyon
single,tek
coffee,kahve
laugh,"gülmek, gülüş, sevinmek"
table,"masa, tablo"
group,grup
dance,"dans etmek, dans"
cell,hücre
lying,"yalan söyleme, uzanma"
card,kart
grace,zarafet
mess,dağınıklık
plane,uçak
teach,öğretmek
terrible,korkunç
sell,"satılmak, satmak"
road,yol
report,"rapor, bildirmek"
paper,kâğıt
prison,hapis
daddy,baba
voice,ses
mile,mil
screw,vida
cold,soğuk
fail,başarısız olmak
careful,dikkatli
suppose,varsaymak
hospital,hastane
correct,doğru
caught,yakalandı
partner,ortak
birthday,doğum günü
imagine,hayal etmek
warn,uyarmak
handle,üstesinden gelmek
across,karşısında
mark,işaret
decision,karar
lawyer,avukat
bomb,bomba
history,tarih
concern,ilgilendirmek
memory,hafıza
kingdom,krallık
forgive,affetmek
mouth,ağız
simple,basit
killer,katil
ball,top
appreciate,"takdir etmek, değeri artmak"
quick,hızlı
proud,gururlu
prove,kanıtlamak
reach,ulaşmak
arrest,tutuklamak
relax,rahatlamak
anywhere,herhangi bir yer
spent,harcanmış
leg,bacak
bear,"ayı, taşımak, dayanmak"
force,güç
slow,yavaş
forever,sonsuza dek
knock,kapı çalmak
feet,"fit, ayaklar"
enemy,düşman
information,bilgi
mention,"bahsetmek, söz etmek"
treat,tedavi etmek
respect,saygı
seat,oturma yeri
rather than,-den ziyade
camp,"kamp, kamp yapmak"
crap,"pislik, ıvır zıvır, çerçöp"
goodbye,güle güle
marry,evlenmek
owe,borçlu olmak
uncle,amca dayı
floor,zemin
upset,üzgün
straight,düz
station,istasyon
suck,emmek
definitely,kesinlikle
neither,"hiçbir, ikisinden hiçbiri"
class,sınıf
gate,kapı
cute,şirin
store,mağaza
fly,uçmak
assume,"üstlenmek, varsaymak"
pretend,"taklit, yapar gibi görünmek"
sword,"kılıç, güç, hükümdarlık"
grab,kapmak
cook,pişirmek
busy,meşgul
present,"sunmak, takdim etmek, hediye"
jimmy,levye
darling,"sevgili, canım"
cross,"karşıya geçmek, haç, çapraz"
angry,kızgın
cat,kedi
calm,"sakinleştirmek, sakinlik"
search,"aramak, araştırmak"
quiet,sessiz
target,hedef
tree,ağaç
peace,barış
bank,banka
survive,hayatta kalmak
thousand,bin
belong,ait olmak
eight,sekiz
roll,rulo
idiot,salak
trick,hile
ice,buz
professor,profesör
copy,"kopya, kopyalamak"
doubt,şüphe
blame,suçlamak
boyfriend,erkek arkadaş
agent,ajan
hop,"sekmek, zıplamak"
awesome,harika
worst,en kötü
field,alan
hunt,"avlanmak, avlamak, av"
short,kısa
remind,hatırlatmak
pack,"paketlemek, ambalajlamak, eşyaları toplamak, bavul hazırlamak"
spot,"leke, nokta, fark etmek"
computer,bilgisayar
bastard,piç
freak,ucube
drunk,sarhoş
chase,kovalamak
favor,iyilik
broken,"kırık, arızalı"
country,ülke
carry,taşımak
dragon,ejderha
fool,aptal
hurry,"acele etmek, telaş"
fill,doldurmak
pant,solumak
ruin,harabe
client,müşteri
middle,orta
club,kulüp
mayor,belediye başkanı
camera,kamera
service,"hizmet, hizmet etmek"
government,hükümet
poor,"yoksul, zavallı"
sun,güneş
born,"doğmuş, doğan"
admit,itiraf etmek
breath,"nefes, soluk"
early,erken
certain,belli
monster,canavar
completely,"büsbütün, tamamen"
forward,"ileri, ileriye doğru"
personal,kişisel
paid,ücretli
evidence,kanıt
pregnant,hamile
favorite,favori
trip,gezi
jump,"sıçramak, zıplamak, atlamak"
bathroom,banyo
situation,durum
visit,ziyaret etmek
yep,evet
wonderful,"müthiş, harika"
universe,evren
college,kolej
clearly,açıkça
yesterday,dün
age,yaş
travel,"seyahat etmek, seyahat"
judge,"yargılamak, hakim"
position,"pozisyon, konum, durum"
suggest,önermek
experience,deneyim
wont,"alışkanlık, alışmak"
contact,"iletişim kurmak, iletişim"
officer,"memur, subay"
music,müzik
horse,at
board,"yazı tahtası, binmek"
sad,üzgün
danger,tehlike
nearly,neredeyse
summer,yaz
fish,balık
song,şarkı
sire,"majesteleri, baba"
design,"tasarlamak, tasarım"
waste,"israf etmek, israf"
obviously,"belli ki, açıkçası, besbelli"
previously,önceden
gentlemen,beyler
accident,kaza
original,"orijinal, özgün"
marriage,"evlilik, evlenme"
bullet,"mermi, kurşun"
suffer,acı çekmek
third,üçüncü
hall,salon
honest,dürüst
sweetie,"tatlım, manita, sevgilim"
attention,"dikkat, özen"
support,"desteklemek, destek"
remain,"geriye kalmak, artmak"
christmas,noel
quit,"bırakmak, vazgeçmek"
willing,istekli
blue,mavi
master,"efendi, usta"
whoever,her kim
deep,derin
window,pencere
conversation,"konuşma, sohbet"
walker,"yürüteç, yaya"
certainly,kesinlikle
court,mahkeme
beer,bira
draw,çizmek
escape,"kaçmak, firar"
lunch,öğle yemeği
hero,kahraman
hat,şapka
level,seviye
serve,hizmet etmek
focus,"odak, odaklanmak"
plan,"planlamak, tasarlamak, plan"
soul,ruh
sing,"şarkı söylemek, söylemek"
whose,kimin
scare,korkmak
round,"yuvarlak, dönmek"
apparently,görünüşe göre
gotten,kazanılmış
plus,artı
wound,yara
tough,sert
block,blok
lab,laboratuvar
near,yakın
bother,canını sıkmak
betray,ihanet etmek
victim,kurban
church,kilise
beg,"dilenmek, yalvarmak"
bird,kuş
wood,odun
fell,"düşmek, mahvetmek"
poison,zehir
upon,üzerine
during,sırasında
threat,tehdit
bigger,daha büyük
file,"dosya, kayda geçirmek"
taste,"tatmak, tat, lezzet"
fit,"uymak, uygun"
gold,altın
stuck,sıkışmış
paint,"boyamak, boya"
bunch,"demet, salkım"
hungry,aç
within,içinde
signal,işaret
battle,"savaş, savaşmak"
innocent,masum
letter,mektup
lovely,"güzel, hoş"
loved,"sevgili, aşık"
appear,görünmek
finger,parmak
feed,"beslemek, beslenmek"
crash,"çarpmak, çarpışmak, kaza"
kidding,dalga geçmek
holy,kutsal
wine,şarap
princess,prenses
radio,radyo
ear,kulak
difference,"fark, ayrım"
access,"erişim, erişmek"
justice,adalet
weekend,hafta sonu
faith,inanç
bill,fatura
chicken,tavuk
scream,"çığlık atmak, çığlık"
hole,"delik, delik açmak"
shoe,ayakkabı
criminal,"suçlu, adli"
smile,gülümsemek
pleasure,"zevk, haz"
glass,bardak
nope,hayır
mission,misyon
action,"eylem, davranış"
apologize,özür dilemek
whether,-mek veya -memek
tie,kravat
south,güney
commander,komutan
account,"hesap, hesap vermek"
theory,teori
scene,"sahne, manzara, faaliyet alanı"
wind,rüzgar
truck,kamyon
talk to,biriyle konuşmak
taught,öğretilen
fat,şişman
ticket,bilet
cost,maliyet
huge,kocaman
bloody,"kanlı, kanatmak"
let,izin vermek
go to,gitmek
claim,"iddia etmek, iddia"
shame,utanç
detail,"detay, ayrıntılı anlatmak"
discuss,tartışmak
rid,kurtulmuş
dollar,dolar
unit,birim
flight,uçuş
naked,çıplak
extra,ekstra
truly,gerçekten
private,özel
cup,fincan
nine,dokuz
sea,deniz
address,adres
price,fiyat
note,not
exist,var olmak
aunt,"teyze, hala"
math,matematik
prince,prens
suspect,şüpheli
sake,uğruna
beach,"plaj, kumsala çekmek"
location,yer
common,yaygın
evil,kötülük
leader,önder
prisoner,mahkum
project,proje
dirty,kirli
although,olmasına rağmen
smoke,sigara içmek
usually,genelde
guilty,suçlu
type,tip
besides,"dışında, ayrıca"
threaten,tehdit etmek
difficult,zor
ridiculous,gülünç
trial,deneme
tape,"kaset, kasede almak"
issue,konu
research,araştırma
public,"halk, umumi, kamu"
castle,"kale, şato, hisar"
student,öğrenci
area,alan
advice,tavsiye
wrote,yazdı
stone,taş
wash,yıkama
west,batı
department,bölüm
earlier,daha erken
member,üye
text,metin
press,basın
switch,"şalter, değiştirmek"
soldier,asker
ghost,hayalet
mystery,gizem
piss,işemek
apart,ayrı
mountain,dağ
bro,kanka
lay,yatırmak
twice,iki defa
everywhere,her yerde
tea,çay
right now,"hemen şimdi, derhal"
supply,arz
trade,ticaret
guest,konuk
fake,sahte
bleed,kanamak
notice,farkına varmak
art,sanat
buck,"dolar, sıçramak"
herself,kendini
especially,özellikle
command,komuta
trap,tuzak
final,nihai
rain,yağmur
beyond,ötesinde
saving,tasarruf
patient,hasta
breathe,nefes almak
strange,garip
neck,boyun
iron,demir
impossible,imkansız
snow,kar
sitting,oturma
chair,sandalye
opportunity,fırsat
my,benim
develop,geliştirmek
somehow,bir şekilde
chuck,atmak
american,amerikan
spy,casus
come to,gel
indeed,aslında
dumb,"aptal, sessiz"
photo,fotoğraf
shirt,gömlek
warm,"ilık, hafif sıcak"
rich,zengin
enter,"girmek, katılmak"
planet,gezegen
egg,yumurta
credit,kredi
plant,bitki
weak,zayıf
option,seçenek
shower,duş
scientist,bilim insanı
come on,haydi
get to,"e gelmek, noktasına gelmek"
hotel,otel
dig,kazmak
double,çift
greatest,en büyük
cake,kek
cheer,tezahürat
convince,ikna etmek
monkey,maymun
vote,oy
base,"baz, dayandırmak"
english,ingilizce
page,sayfa
nose,burun
quickly,hızlı bir şekilde
abandon,terketmek
disappear,kaybolmak
odd,garip
get it,anla
bury,gömmek
strength,kuvvet
excellent,"mükemmel, enfes"
receive,teslim almak
map,harita
path,"yol, yörünge"
sight,görme
cloth,bez
barely,zar zor
bottom,"alt, dip, temeline inmek"
plenty,bol
easier,daha kolay
empty,"boş, boşaltmak"
frank,dürüst
warrior,savaşçı
require,"gerekmek, gerektirmek, gerektirir, icap etmek"
button,düğme
hook,kanca
mommy,anne
themselves,kendilerini
rose,gül
destiny,kader
complete,"tamamlamak, tam, eksiksiz"
super,süper
avoid,"önlemek, kaçınmak"
bless,kutsamak
possibly,"muhtemelen, belki"
foot,ayak
dare,"kafa tutmak, cesaret"
often,sıklıkla
bus,otobüs
fate,kader
study,ders çalışma
animal,hayvan
fan,yelpaze
embarrass,utandırmak
settle,yerleşmek
tool,aracı
farm,çiftlik
pray,dua etmek
liar,yalancı
purpose,amaç
otherwise,aksi takdirde
folk,halk
amazing,"inanılmaz, şaşırtıcı"
east,doğu
threw,attı
safety,emniyet
email,e-posta
skin,cilt
corner,köşe
continue,devam et
tear,gözyaşı
knife,bıçak
mask,maskelemek
bridge,köprü
raise,yükseltmek
grant,hibe
insane,deli
rat,sıçan
honestly,dürüstçe
gas,gaz
sky,gökyüzü
powerful,güçlü
cash,nakit
term,terim
deliver,teslim etmek
breakfast,kahvaltı
ourselves,kendimizi
set,ayarlamak
split,bölünmüş
fought,kavga etti
shadow,gölge
throne,taht
witness,"tanık olmak, şahit olmak"
prepare,hazırlamak
flower,çiçek
yell,bağırma
bone,kemik
toward,"karşı, doğru"
further,daha ileri
bottle,"şişe, şişelemek"
regret,pişmanlık
closer,"daha yakın, sonlandırıcı"
above,yukarıda
asleep,"uykuda, tembel"
interview,"röportaj, söyleşi yapmak"
mate,dostum
career,kariyer
throat,boğaz
bite,ısırmak
mama,anne
load,"yük, yüklemek"
comfortable,rahat
circle,daire
fir,köknar
nut,fındık
emergency,acil durum
hood,kapüşon
band,"bant, şerit"
president,devlet başkanı
tight,sıkı
named,adlı
held,kavradı
duty,görev
chinese,çince
teacher,öğretmen
fresh,taze
van,kamyonet
match,eşleşme
pocket,cep
speech,konuşma
defend,savunmak
prefer,tercih etmek
older,daha eski
sold,satıldı
afternoon,öğleden sonra
low,düşük
jealous,kıskanç
blind,kör
pressure,basınç
gather,toplamak
sail,yelken
add,eklemek
spread,"yaymak, yayılmak"
kitchen,mutfak
event,etkinlik
strike,vuruş
stranger,yabancı
giant,dev
storm,fırtına
roof,çatı
process,süreç
root,"kök, köken"
itself,kendisi
color,renk
nowhere,hiçbir yerde
bell,"çan, zil, böğürmek"
tiny,çok küçük
russian,"rusça, rus"
restaurant,restoran
sweetheart,birtanem
invite,davet et
loose,gevşek
arrive,varmak
slept,uyudu
connect,bağlamak
bedroom,yatak odası
spoke,konuştu
necessary,gerekli
device,cihaz
cousin,kuzen
moon,ay
flame,alev
large,büyük
tower,kule
cream,krem
however,ancak
hire,kiralama
brilliant,parlak
savior,kurtarıcı
skill,beceri
nervous,"sinir, gergin, sinirli"
league,lig
harm,zarar
defeat,yenilgi
creat,kaynak oluşturmak
crack,çatlak
dump,"çöplük, çöp dökmek"
brave,cesur
sawyer,bıçkıcı
harder,daha güçlü
earn,kazanmak
seek,aramak
earl,kont
medical,tıbbi
slip,kayma
sacrifice,kurban
awful,berbat
shoulder,omuz
knee,diz
punch,yumruk
desk,sıra
ain't,değil
spirit,ruh
size,boyut
chain,zincir
asshole,kıç deliği
attorney,avukat
due,nedeniyle
likely,muhtemelen
defense,savunma
river,nehir
billion,milyar
jerk,"sarsmak, ahmak"
plate,tabak
responsible,sorumluluk sahibi
subject,"konu, özne"
crew,mürettebat
race,yarış
attempt,girişimde bulunmak
genius,deha
milk,süt
tip,"ipucu, bahşiş"
depend,"bağlı olmak, güvenmek"
operation,operasyon
feelings,"gönül, his dünyası"
onto,üstüne
dry,kuru
aware,farkında olmak
revenge,intikam
condition,"şart, koşul"
major,"asıl, büyük, başlıca"
roommate,oda arkadaşı
lower,"alt, düşürmek"
lesson,ders
sooner,er
familiar,tanıdık
secure,güvenli
servant,hizmetçi
result,sonuç
rome,roma
clever,zeki
jail,hapis
weather,hava
march,mart
horrible,korkunç
damage,hasar
practice,uygulama
aye,"Evet, kabul oyu"
whenever,her ne zaman
cab,taksi
community,topluluk
cheat,hile
military,askeri
lift,"asansör, kaldırmak"
climb,tırmanış
teeth,diş
fancy,fantezi
bust,"bozulmak, tutuklamak, iflas etmek"
make it,bunu yapmak
bean,fasulye
loud,yüksek sesle
cave,mağara
afford,"parası yetmek, gücü yetmek"
request,istek
obvious,açık
social,sosyal
come back,dönmek
backup,"yedek, yedeğini almak"
recognize,tanımak
eventually,sonuçta
nail,tırnak
lately,son zamanlarda
faster,daha hızlı
post,"postalamak, ileti"
data,veri
apology,özür
french,fransızca
whore,fahişe
pill,hap
murderer,katil
pie,turta
comic,komik
spare,yedek
knowledge,bilgi
heal,iyileşmek
boring,sıkıcı
tire,tekerlek
protection,koruma
village,köy
cheese,peynir
wild,vahşi
romantic,romantik
firm,firma
grew,büyüdü
general,genel
center,merkez
borrow,ödünç almak
create,"yaratmak, yapmak, tasarlamak, üretmek"
tech,teknoloji
challenge,meydan okuma
sandwich,sandviç
effect,"etki, tesir"
trigger,tetik
proof,kanıt
famous,meşhur
bow,"yay, başla selamlama"
traitor,hain
responsibility,sorumluluk
language,dil
main,ana
grand,büyük
shop,dükkan
site,yer
release,"salıvermek, salmak, serbest bırakmak"
total,toplam
silly,saçma
pig,domuz
heat,"ısıtmak, sıcaklık, ısı"
sneak,"gizlice, sinsice"
shock,şok
regular,düzenli
score,"puan, skor"
simply,basitçe
duck,ördek
perfectly,mükemmel bir şekilde
unfortunately,ne yazık ki
clock,saat
doc,doktor
spell,harf harf kodlamak
disappoint,hayal kırıklığına uğratmak
used to,"alışık, alışkın"
toy,oyuncak
mercy,merhamet
ate,yemek( past hali )
prime,asal
recently,son günlerde
evening,akşam
source,kaynak
authority,yetki
deny,reddetmek
council,konsey
connection,bağ
engineer,mühendis
clothe,giydirmek
grade,sınıf
amount,miktar
scary,korkunç
rise,yükselmek
rescue,kurtarmak
don,giymek
married,evli
shield,kalkan
debt,borç
nah,hayır
slap,tokat
local,yerel
bullshit,saçmalık
birth,"doğum, doğurma"
basically,temel olarak
approach,"yaklaşım, yaklaşmak"
chamber,bölme
view,görünüm
intend,niyet etmek
prize,ödül
hug,sarılmak
havent,sığınak
former,eski
seal,mühür
cure,çare
heaven,cennet
rough,kaba
couch,kanepe
suddenly,aniden
sin,günah
value,"değer, kıymet"
dozen,düzine
congratulation,tebrik
look at,bakmak
take it,"varsaymak, kabul etmek"
row,kürek çekmek
neighbor,komşu
bath,"banyo, yıkanmak"
toast,kızarmış ekmek
journey,seyahat
investigation,soruşturma
trail,iz
heavy,ağır
mix,karıştırmak
crown,taç
string,"sicim, dizi, kandırmak"
gang,"çete, işbirliği yapmak"
swing,salıncak
hidden,gizli
wave,dalga
pal,ahbap
awake,"uyanık, uyanmak"
impressive,etkileyici
bowl,"kase, yuvarlamak"
chick,civciv
experiment,deney
discover,keşfetmek
identity,kimlik
agreement,anlaşma
chief,şef
devil,şeytan
speed,hız
fella,"yakın arkadaş, delikanlı"
suicide,intihar
nature,doğa
aside,bir kenara
grown,yetişkin
incredible,inanılmaz
sport,spor
loss,kayıp
zero,sıfır
energy,enerji
tunnel,tünel
pair,çift
saturday,cumartesi
became,"oldu, haline geldi"
confess,itiraf etmek
wise,bilge
driving,sürme
player,oyuncu
torture,işkence
pyramid,piramit
physic,"ilaç vermek, tedavi etmek, tıp"
jungle,orman
surely,elbette
someday,birgün
fed,besledi
stronger,daha güçlü
meat,et
exact,"tam, kesin"
limit,sınır
crush,ezmek
demand,talep
demon,iblis
impress,etkilemek
bug,"hata, dinleme cihazı"
network,ağ
goddamn,lanet olası
coat,ceket
tongue,dil
wheel,tekerlek
terrorist,terörist
solve,çözmek
capable,yetenekli
unravel,çözmek
university,üniversite
get out,defol
slave,köle
funeral,cenaze
expansion,genişleme
nurse,hemşire
flag,bayrak
solution,çözüm
schedule,program
precious,değerli
interrupt,kesmek
exit,çıkış
surgery,cerrahlık
manage,yönetmek
physical,fiziksel
vow,"yemin etmek, ant içmek, yemin"
task,görev
complicated,karmaşık
shake,sallamak
pit,çukur
actual,gerçek
weight,ağırlık
gosh,allah allah
sexy,seksi
kinda,"sayılır, gibi"
route,rota
direction,yön
square,meydan
rate,oran
coin,madeni para
driver,sürücü
friday,cuma
opinion,"görüş, fikir"
curious,meraklı
mostly,çoğunlukla
natural,doğal
coward,"ödlek, korkak"
sale,satış
punish,cezalandırmak
property,"özellik, mal mülk, emlak"
assistant,"yardımcı, asistan"
glades,ormanlarını
friendship,dostluk
shift,vardiya
legal,yasal
tall,uzun boylu
winter,kış
rush,acele
noise,"gürültü, ses"
robin,narbülbülü
will,niyet
anger,"öfke, kızdırmak"
sentence,"cümle, ceza vermek"
national,ulusal
mum,anne
sync,senkronize etmek
drown,bastırmak
creature,yaratık
chest,sandık
alert,"alarm, uyarmak"
argue,tartışmak
disease,hastalık
trace,iz sürmek
custody,gözaltı
reward,ödül
violence,şiddet
forgotten,unutulmuş
drool,saçmalamak
divorce,boşanma
annoy,rahatsız etmek
celebrate,kutlamak
rent,kira
grave,mezar
locate,yerleştirmek
meal,yemek
version,versiyon
cancel,iptal etmek
virus,virüs
get in,"binmek, içeriye girmek"
do with,ile yapmak
contract,sözleşme
stolen,çalıntı
grateful,minnettar
immediately,hemen
airport,havaalanı
dense,yoğun
darkness,karanlık
float,şamandıra
central,merkezi
ordinary,sıradan
host,evsahibi
wire,tel
sat,oturdu
repeat,tekrar et
dawn,şafak
crowd,kalabalık
character,karakter
texas,teksas
loser,ezik
fantastic,fantastik
be in,içeride olmak
tag,etiket
ignore,aldırmamak
collect,toplamak
juice,meyve suyu
pee,işemek
dealer,satıcı
usual,olağan
progress,ilerleme
channel,kanal
cage,kafes
adult,yetişkin
remove,kaldır
survived,hayatta
nor,ne de
pool,havuz
insult,hakaret
whom,kime
goal,hedef
disgust,iğrenme
package,paket
talent,yetenek
toilet,tuvalet
ugly,çirkin
medicine,ilaç
affair,"mesele, şey"
forest,orman
official,resmi
football,futbol
brown,kahverengi
charm,çekicilik
radiation,radyasyon
among,arasında
provide,sağlamak
strip,"şerit, soymak, üstünü çıkarmak"
of course,elbette
gut,bağırsak
example,örnek
stock,stok
chocolate,çikolata
loyal,sadık
season,mevsim
autotrophs,ototraflar
bride,gelin
mood,ruh hali
health,sağlık
candy,şeker
twin,ikiz
governor,vali
creepy,ürpertici
missy,küçük hanım
bright,parlak
distract,dikkatini dağıtmak
loyalty,bağlılık
spring,bahar
wing,kanat
expensive,pahalı
detect,belirlemek
wherever,nerede olursa
wet,ıslak
higher,daha yüksek
FALSE,yanlış
rude,kaba
lieutenant,teğmen
stood,durdu
current,şimdiki
violent,şiddet eğilimli
positive,pozitif
commit,işlemek
fund,"fon, sermaye"
christian,hristiyan
literally,resmen
assure,garanti etmek
several,birkaç
elevator,asansör
invent,icat etmek
statement,beyan
stair,basamak
beauty,güzellik
professional,profesyonel
fourth,dördüncü
robbery,soygun
butt,popo
shopping,alışveriş yapmak
offense,suç
accord,uymak
mail,posta
launch,başlatmak
angel,melek
holiday,tatil
ocean,okyanus
complain,şikayet
fence,"çit, kaçamaklı konuşmak"
noticed,fark
emotional,"duygusal, dokunaklı"
gross,brüt
soft,yumuşak
trash,çöp
reality,gerçeklik
healthy,sağlıklı
mental,zihinsel
specific,özel
technically,teknik olarak
awkward,beceriksiz
babe,bebeğim
fruit,meyve
proper,"uygun, düzgün"
edge,kenar
shape,şekil
miracle,mucize
fuel,yakıt
yellow,"sarı, sararmak"
stare,dik dik bakmak
print,baskı
terrific,müthiş
patch,yama
jacket,ceket
confirm,onaylamak
insist,ısrar etmek
resource,kaynak
pet,evcil hayvan
contain,"içermek, kapsamak"
architect,mimar
stage,sahne
respond,cevap vermek
ought,gerektiğini
drag,sürüklemek
entirely,baştan sona
understood,"anladım, anlaşıldı"
cancer,kanser
lonely,yalnız
quarter,çeyrek
comfort,konfor
surveillance,"gözetim, gözetleme, gözaltı"
perform,"yapmak, uygulamak, yerine getirmek"
battery,"pil, batarya"
vault,tonoz
classic,klasik
belt,kemer
insurance,sigorta
alright,Tamam
hatch,kapak
execute,"gerçekleştirmek, yerine getirmek, idam etmek"
bread,ekmek
lover,sevgili
distance,"mesafe, uzaklık"
grandmother,anneanne
traffic,trafik
available,"mevcut, uygun"
advance,"ilerlemek, terfi ettirmek"
soup,çorba
commercial,ticari
alien,uzaylı
steel,çelik
amen,amin
laundry,çamaşır
sunday,pazar
expert,uzman
silence,sessizlik
ancient,"eski, antik"
lip,dudak
hail,selamlamak
percent,yüzde
freedom,özgürlük
propose,"teklif etmek, önermek"
chosen,seçilmiş
potential,potansiyel
tail,kuyruk
winner,kazanan
cast,oyuncular
grandpa,dede
useful,işe yarar
boom,"gümlemek, patlama sesi"
heir,mirasçı
refuse,reddetmek
technology,teknoloji
personally,şahsen
intelligence,zeka
unbelievable,inanılmaz
recall,hatırlama
male,erkek
blade,"bıçak ağzı, kılıç"
spoken,konuşulmuş
vision,vizyon
assault,saldırmak
homicide,cinayet
sergeant,çavuş
standard,standart
plea,savunma
desperate,umutsuz
polic,polis istasyonu
laser,lazer
puzzle,bulmaca
manager,yönetici
handsome,yakışıklı
freeze,donmak
victory,zafer
nightmare,"kabus, endişe, kaygı"
sexual,cinsel
apply,uygulamak
lack,eksiklik
solid,katı
chat,sohbet
merry,şen
behavior,davranış
extremely,son derece
advantage,avantaj
facility,tesis
guilt,suç
frighten,korkutmak
zone,bölge
china,çin
dale,vadi
affect,etkilemek
surrender,teslim
stress,stres
desire,arzu etmek
possibility,olasılık
compare,karşılaştırmak
whisper,fısıltı
flip,fiske
doll,oyuncak bebek
baseball,beyzbol
panic,panik
bound,"ciltli, bağlı, zıplamak"
planned,planlı
clue,ipucu
per,"her, tarafından, başına"
direct,direkt
crawl,yavaş ilerleme
fellow,adam
survivor,hayatta kalan
grandma,büyükanne
garden,"bahçe, bahçede çalışmak"
treatment,tedavi
sweat,ter
equipment,ekipman
curse,lanet
particular,belirli
bike,"bisiklet, bisiklet sürmek"
delicious,lezzetli
blah,"zırva, palavra"
hammer,çekiç
salt,tuz
adventure,macera
accomplish,başarmak
pitch,saha
license,"ruhsat, yetki vermek"
thief,hırsız
laid,koydu
armor,zırh
library,kütüphane
easily,kolayca
product,ürün
wrap,paketlemek
scout,"izci, keşif yapmak, gözcü"
hostage,rehin
breach,"ihlal, karşı gelme"
recover,"kurtarmak, geri kazanmak, iyileşmek, kurtulmak"
negative,olumsuz
courage,cesaret
temple,tapınak
judgment,yargı
effort,çaba
golden,altın
be on,"açık olmak, çalışmak"
pour,"dökmek, akıtmak, dökülmek"
trapped,hapsolmuş
item,madde
replace,"yer değiştirmek, yerine geçmek"
pen,dolma kalem
crystal,kristal
ability,yetenek
closet,dolap
include,dahil etmek
circumstance,"durum, koşul"
actor,aktör
underwear,iç çamaşırı
indian,hintli
nonsense,saçmalık
downstair,alt kat
uncomfortable,rahatsız
permission,izin
owner,sahip
mall,alışveriş merkezi
butter,tereyağı
porn,porno
joy,sevinç
yard,avlu
fully,tamamen
priest,rahip
forced,zorunlu
fuckin,lanet
blast,"büyük patlama, infilak etmek"
sheet,tabaka
bump,çarpmak
gear,vites
lake,göl
female,kadın
costume,kostüm
factory,fabrika
badly,kötü bir şekilde
sink,lavabo
bee,bal arısı
swore,yemin
silver,gümüş
introduce,"tanıtmak, takdim etmek"
pure,saf
prevent,önlemek
nuclear,nükleer
section,bölüm
meantime,bu arada
friendly,arkadaş canlısı
rare,nadir
highly,büyük ölçüde
irrelevant,"ilgisiz, alakasız, konu dışı, yersiz"
toss,atmak
melt,"erimek, eritmek"
beast,"canavar, hayvan"
alliance,"ittifak, antlaşma"
selfish,bencil
starve,açlıktan öldürmek
aim,amaç
raid,baskın
parking,otopark
protocol,protokol
yay,yuppi
potato,patates
dick,penis
swim,yüzmek
sugar,şeker
cookie,kurabiye
happiness,mutluluk
slaughter,katliam
tv,televizyon
get out of,çıkmak
cooper,"şarapçı, fıçılamak"
separate,ayrı
tour,tur
privacy,gizlilik
image,görüntü
mirror,ayna
goodness,iyilik
wipe,silme
echo,eko
delivery,teslim
bleep,biplemek
period,dönem
waitress,bayan garson
sudden,ani
gain,kazanç
jury,jüri
vehicle,araç
snake,yılan
fallen,düşmüş
slowly,yavaşça
museum,müze
audition,"işitme, ses sınavı yapmak"
tale,masal
infect,bulaştırmak
coincidence,tesadüf
drill,matkap
citizen,vatandaş
ceremony,tören
brick,tuğla
tent,çadır
charity,sadaka
outta,-den dışarı
scratch,çizik
spill,dökmek
decent,terbiyeli
below,altında
rumor,söylenti
joking,şaka
argument,"tartışma, argüman"
stripper,striptizci
chancellor,rektör
think about,"uzun uzun düşünmek, aklına gelmek"
successful,başarılı
palace,saray
smoking,sigara içmek
stomach,mide
presence,varlık
rabbit,tavşan
vacation,tatil
attend,katılmak
champagne,şampanya
wide,geniş
aid,yardım etmek
carefully,dikkatlice
staff,personel
alcohol,alkol
represent,temsil etmek
appointment,"randevu, atama, tayin"
recent,"son, yakında olan"
subway,metro
monitor,izlemek
chemical,kimyasal
activity,"etkinlik, faaliyet"
success,başarı
reveal,ortaya çıkartmak
raised,kalkık
horn,"boynuz, toslamak"
lecture,ders
measure,"ölçmek, ölçü, tedbir, önlem"
desert,çöl
equal,eşit
northern,kuzey
inform,bilgi vermek
garbage,çöp
based,"merkezli, bazlı"
sack,çuval
halloween,cadılar bayramı
massage,masaj
ash,kül
diamond,elmas
footage,kamera görüntüsü
canary,kanarya
sorcerer,büyücü
flat,düz
warrant,garanti
incredibly,inanılmaz şekilde
royal,asil
border,"sınır, sınır koymak"
wizard,sihirbaz
artist,sanatçı
pink,pembe
directly,direkt olarak
wander,gezmek
swallow,yutmak
core,çekirdek
blanket,battaniye
patrol,devriye gezmek
lion,aslan
lame,topal
alley,geçit
incident,olay
herd,sürü
accuse,suçlamak
dating,"buluşma, tanışma, flört etme"
employee,"işçi, çalışan, personel"
valentine,sevgili
screen,ekran
coach,koç
normally,normalde
sharp,keskin
dirt,kir
garage,garaj
pattern,desen
fighter,savaşçı
currently,şu anda
stake,kazık
engine,motor
beneath,altında
know about,"haberi olmak, bilmek"
come in,içeri gel
unlike,aksine
thin,ince
midnight,gece yarısı
tattoo,dövme
quality,kalite
satellite,uydu
illegal,yasadışı
steady,sabit
barn,ahır
breast,meme
spider,örümcek
tax,vergi
champion,şampiyon
disturb,bozmak
capital,başkent
manner,tavır
regard,saygı
purse,para kesesi
dish,tabak
yourselves,kendiniz
helpful,faydalı
hill,tepe
neighborhood,mahalle
go on,devam et
benefit,"yarar, fayda"
aint,"olumsuzluk takısı, aren't"
habit,alışkanlık
safer,daha güvenli
asset,"varlık, mülk"
counsel,avukat
recommend,önermek
skip,atlamak
stink,pis koku
comment,yorum yap
nation,ulus
maid,hizmetçi
customer,müşteri
greater,daha büyük
attract,"çekmek, cezbetmek"
grandfather,büyük baba
despite,rağmen
retreat,geri çekilmek
valuable,"değerli, kıymetli"
oil,sıvı yağ
stretch,uzatmak
rope,i·p
bail,"kefalet, kefaletle serbest bırakmak"
fever,ateş
response,tepki
testify,ifade vermek
hung,asılı
cow,inek
generous,cömert
canada,kanada
bore,"delik, bunaltmak, sıkmak"
maester,üstat
reputation,itibar
sophia,sofya
opposite,karşısında
shown,gösterilen
motion,hareket
realm,diyar
district,"ilçe, bölge, semt"
someplace,bir yere
coast,sahil
role,rol
barrel,"namlu, varil, uçmak"
sigh,iç çekmek
pathetic,acıklı
hive,kovan
smarter,daha akıllı
transport,taşıma
lad,delikanlı
rocket,roket
spit,tükürmek
hyah,geh
worm,solucan
physicist,fizikçi
popular,popüler
haunt,uğrak
episode,bölüm
random,rasgele
slide,kaymak
wolf,kurt
toe,ayak parmağı
magazine,dergi
terror,terör
sock,çorap
missile,füze
knight,şövalye
astronaut,astronot
peanut,fıstık
worthy,layık
resist,direnmek
badge,rozet
arrange,düzenlemek
shine,parlaklık
degree,"derece, aşama"
basement,bodrum
italy,italya
quantum,kuantum
click,tık
reactor,reaktör
magical,büyülü
strategy,strateji
pride,gurur
explosion,patlama
german,almanca
noble,asil
punishment,ceza
express,"ifade etmek, açıklamak, anlatmak"
possess,sahip olmak
escort,"eskort, refakat etmek"
nerve,sinir
describe,tanımlamak
chew,çiğnemek
pump,"pompa, pompalamak, şişirmek"
younger,daha genç
useless,faydasız
failure,başarısızlık
mass,kitle
squad,tayfa
establish,kurmak
reaction,reaksiyon
gym,jimnastik
elf,cin
come with,ile gel
writ,ferman
cloud,bulut
conference,konferans
feast,"bayram, eğlendirmek"
entrance,giriş
setting,"ayar, ortam"
cigarette,sigara
campaign,kampanya
caused,neden oldu
approve,onaylamak
frozen,dondurulmuş
collection,"toplama, koleksiyon, tahsilat"
object,"nesne, cisim"
marshal,mareşal
international,uluslararası
leak,sızıntı
fri,cuma
document,belge
ammo,cephane
childhood,çocukluk
tend,eğilimli olmak
explanation,açıklama
behalf,biri adına
yup,evet
jesus,isa
style,stil
dungeon,zindan
sensitive,hassas
geez,tanrım
recruit,acemi
reasonable,makul
sweep,süpürme
tied,bağlı
glory,şan
cable,kablo
series,dizi
scientific,"ilmi, bilimsel"
fortune,kader
labor,emek
ashamed,utanmış
grid,kafes
spoil,"berbat etmek, bozmak"
timing,zamanlama
boob,"meme, aptallık etmek"
perpetrator,fail
multiple,çoklu
therapy,terapi
impression,izlenim
anytime,her ne zaman
consequence,sonuç
lifetime,ömür
hunter,avcı
session,"oturum, toplantı, celse"
communication,iletişim
invitation,davetiye
volunteer,gönüllü
closest,en yakın
pillow,yastık
wallet,cüzdan
lamp,lamba
audience,"izleyici, seyirci"
beep,"bip sesi, ses çıkarmak"
mike,mikrofon
particularly,özellikle
angle,"açı, balık tutmak"
hopefully,inşallah
majesty,majeste
theater,tiyatro
intention,niyet
appropriate,uygun
witch,cadı
organization,organizasyon
whip,kırbaç
century,yüzyıl
india,hindistan
pope,papa
sauce,sos
disaster,afet
flesh,et
halfway,"yarı yolda, ortada"
uniform,üniforma
smaller,daha küçük
underground,yeraltı
lick,yalamak
honour,onur
get on,binmek
alpha,alfa
director,yönetmen
territory,bölge
explosive,patlayıcı
crow,karga
struck,"vurmak, grevde"
legend,efsane
injury,hasar
pity,yazık
mug,kupa
exhaust,egzoz
algorithm,algoritma
emotion,duygu
bachelor,bekarlığa veda
disagree,"aynı fikirde olmamak, anlaşamamak"
deck,güverte
fleet,filo
associate,ilişkilendirmek
visitor,ziyaretçi
guarantee,garanti
hint,ipucu
arrangement,düzenleme
silent,sessiz
serial,seri
fridge,buzdolabı
perimeter,çevre
confused,şaşkın
helicopter,helikopter
pipe,boru
survival,hayatta kalma
chuckle,kıkırdama
loop,döngü
treasure,hazine
tuesday,Salı
material,malzeme
uh-huh,hi-hı
oath,yemin
cheap,ucuz
liberty,özgürlük
hilltop,tepenin
wasting,israf
farmer,çiftçi
nephew,erkek yeğen
patience,sabır
lung,akciğer
assassin,suikastçı
skull,kafatası
policy,politika
rape,"tecavüz etmek, ırzına geçmek"
involve,"içermek, kapsamak"
rub,ovmak
muscle,kas
differently,farklı olarak
jeez,olamaz
suspicious,şüpheli
highness,yükseklik
shore,kıyı
shooter,atıcı
agency,ajans
brotherhood,kardeşlik
maintain,"korumak, sağlamak, sürdürmek"
smooth,"düz, pürüzsüz"
corrupt,yozlaşmış
fold,kat
weakness,zayıflık
wore,giydiği
glove,eldiven
terrify,dehşete düşürmek
ill,hasta
balance,"denge, bakiye, dengede tutmak"
log,kütük
thrown,atılmış
satisfy,tatmin etmek
similar,benzer
confession,itiraf
foreign,dış
review,"gözden geçirmek, değerlendirmek"
clan,klan
accent,aksan
tast,tadı
salad,salata
nap,şekerleme
bend,"viraj, bükülmek"
papa,baba
religion,din
range,aralık
chill,"ürpermek, üşümek"
attractive,çekici
identify,"tanımlamak, kimliğini saptamak"
dust,toz
scale,ölçek
behave,davranmak
shelter,barınak
vest,yelek
cruel,zalim
admire,beğenmek
branch,"şube, dallanmak"
background,arka plan
scotch,"iskoç, yaralamak, engellemek"
adorable,"sevimli, şirin"
legacy,miras
flatter,"övmek, gururunu okşamak, göklere çıkarmak, pohpohlamak"
flow,"akmak, akım, dökülmek"
dinosaur,dinozor
go with,ile git
correction,düzeltme
committed,taahhüt
downtown,şehir merkezi
minister,bakan
crusade,haçlı seferi
initiative,girişim
shrimp,karides
ninth,dokuzuncu
element,eleman
rot,çürüme
frankly,açıkçası
kidnapped,kaçırılan
psycho,psiko
anniversary,yıldönümü
neat,temiz
prick,dikmek
plain,sade
blown,"şişmiş, esmiş"
breakup,ayrılık
crop,ekin
possession,mülk
movement,hareket
bid,teklif etmek
wisdom,bilgelik
therapist,terapist
wand,asa
occur,meydana gelmek
determine,belirlemek
deputy,milletvekili
bible,İncil
homework,ev ödevi
refer,"başvurmak, anmak, işaret etmek"
latest,son
bra,sütyen
sample,"örnek, numune"
practically,pratikte
undercover,gizli
tone,"ton, ayarlamak, yumuşatmak"
sworn,yemin
afterward,daha sonra
released,yayınlandı
occasion,"fırsat, vesile"
narrow,dar
digital,dijital
financial,parasal
potion,iksir
russia,rusya
payment,ödeme
miserable,sefil
junior,genç
sand,kum
function,fonksiyon
practic,pratik
method,yöntem
goat,keçi
jar,"kavanoz, didişmek"
fifth,beşinci
confidence,güven
colleague,çalışma arkadaşı
brush,"fırça, fırçalamak"
corporate,kurumsal
knights,şövalyeler
compromised,"sınırlı, tehlikeli"
served,hizmet
underneath,altında
invisible,görünmez
status,durum
loan,borç
invest,yatırmak
bat,yarasa
dwarf,cüce
treason,ihanet
sweater,kazak
drawer,çekmece
achieve,"elde etmek, başarmak"
update,güncelleme
commitment,taahhüt
sub,alt
confident,kendine güvenen
prayer,namaz
procedure,prosedür
facing,karşı
glasses,gözlük
county,"ilçe, idari bölge"
conflict,fikir ayrılığı
spear,mızrak
weigh,tartmak
pile,istif
burden,"yük, sırtına yüklemek"
society,toplum
makeup,makyaj
reporter,"muhabir, haberci"
italian,italyan
tick,kene
succeed,başarılı olmak
attach,"eklemek, yapıştırmak"
award,"ödül, ödüllendirmek"
fetch,getirmek
frame,çerçeve
basic,"temel, esas, basit"
compliment,iltifat
fort,kale
conduct,yönetmek
doin,yapıyorsun
drum,davul
forth,ileri
brief,kısa
article,makale
dessert,tatlı
unusual,olağandışı
theme,tema
ditch,"atmak, kurtulmak"
combat,savaş
mister,bay
chef,şef
diaper,bebek bezi
abuse,"istismar, kötüye kullanma"
steam,buhar
mouse,fare
needle,iğne
title,başlık
painful,acı verici
blonde,sarışın
belly,göbek
advise,öğüt vermek
seed,tohum
hostile,hasım
misunderstand,yanlış anlamak
quest,"aramak, araştırmak"
committee,kurul
generation,nesil
citadel,kale
collar,yaka
bargain,pazarlık
relative,bağıl
register,kayıt ol
relief,rahatlama
grandson,erkek torun
internal,"iç, dahili"
instinct,içgüdü
bait,"olta yemi, tuzak"
stable,kararlı
repair,tamir etmek
delay,gecikme
lean,"yağsız, eğilmek"
specifically,özellikle
raft,sal
beside,yanında
moral,manevi
tap,musluk
tiger,kaplan
chemistry,kimya
symptom,semptom
officially,resmi olarak
cabin,kabin
gentleman,beyefendi
soap,sabun
division,bölünme
dismiss,reddet
gum,sakız
fashion,moda
pickle,turşu
cock,çük
thrill,heyecan
phase,evre
proposal,öneri
chaos,kaos
cap,kapak
wrist,bilek
humanity,insanlık
senior,kıdemli
guide,kılavuz
speak to,e konuşmak
get back to,geri dön
boar,yaban domuzu
attitude,"tutum, tavır"
youre,sen
ankle,ayak bileği
peach,şeftali
fry,kızartma
duke,dük
hooker,fahişe
photograph,"fotoğraf, fotoğrafını çekmek"
cartel,kartel
reject,reddetmek
intelligent,akıllı
deposit,depozito
shrink,küçültmek
chop,pirzola
tragedy,trajedi
scan,taramak
unique,benzersiz
passage,geçit
dial,tuşlamak
remarkable,dikkat çekici
stroke,inme
tradition,gelenek
smash,parçalamak
humor,mizah
electricity,elektrik
priority,öncelik
grief,"keder, üzüntü"
competition,yarışma
television,televizyon
banana,muz
massive,büyük ve ağır
galaxy,gökada
snack,abur cubur
believe in,inan
penny,kuruş
instruction,talimat
obsess,saplantı haline gelmek
offend,gücendirmek
symbol,sembol
era,çağ
fraud,dolandırıcılık
custom,gelenek görenek
heave,fay hareketi
discussion,tartışma
gee,vay be
civil,sivil
unfortunate,şanssız
haircut,saç kesimi
environment,"çevre, ortam"
powder,pudra
error,hata
fantasy,fantezi
corn,mısır
pound,"vurmak, ingiliz lirası"
beard,sakal
horror,korku
distraction,oyalama eğlence dikkati başka yöne çekme
guitar,gitar
boil,"kaynamak, haşlamak"
myth,efsane
sanctuary,barınak
tournament,turnuva
clown,palyaço
do for,bir şey için yapmak
re,yeniden
go in,içeri gir
have on,sahip
expression,ifade
bout,"gösteri, müsabaka"
scrap,hurda
ensure,sağlamak
hawk,şahin
ripped,"yırtık, sarhoş, hasarlı"
properly,uygun şekilde
impact,"etki, darbe"
stabbed,bıçaklandı
forgiveness,af
puppy,köpek yavrusu
honeymoon,"balayı, balayına çıkmak, cicim ayı"
vulnerable,savunmasız
operating,işletme
towel,havlu
lesbian,lezbiyen
lap,kucak
thumb,başparmak
cutting,kesme
flood,sel
passenger,yolcu
vengeance,intikam
dropping,damlatma
topic,konu
signature,imza
flirt,flört
alarm,"alarm, uyarmak"
prom,balo
trunk,gövde
merely,sadece
highest,en yüksek
password,parola
precinct,seçim bölgesi
druid,büyücü
fingerprint,parmak izi
holiness,kutsallık
heroes,kahramanlar
nasty,pis
twist,dönemeç
stall,ahır
jam,reçel
acquire,elde etmek
stack,yığın
settlement,yerleşme
corpse,ceset
statue,heykel
gorgeous,muhteşem
generator,jeneratör
wreck,harabe
oxygen,oksijen
sickness,hastalık
foolish,aptalca
extend,uzatmak
april,Nisan
shipment,gönderi
collapse,çöküş
backward,"geriye, geri kalmış"
vigilantes,kanunsuzlar
website,i·nternet sitesi
concert,"konser, anlaşmak"
anonymous,anonim
siege,kuşatma
determin,belirlemek
madness,delilik
flew,uçtu
fart,osuruk
relevant,uygun
oven,fırın
rank,rütbe
gunshot,atış
shove,kıpırdamak
unconscious,bilinçsiz
flu,grip
negotiate,görüşmek
larger,daha büyük
heck,kahrolası
rib,kaburga
critical,kritik
orange,portakal
coordinate,koordinat
begun,başladı
pumpkin,kabak
butcher,kasap
thirsty,susuz
nickname,takma ad
bake,fırında pişirmek
temporary,geçici
cough,öksürük
happily,mutlulukla
pad,ped
shell,kabuk
ease,kolaylaştırmak
investment,yatırım
deer,geyik
bucket,"kova, kovayla taşımak"
contest,yarışma
avenge,intikamını almak
convincing,inandırıcı
rider,binici
temperature,sıcaklık
suggestion,öneri
importantly,önemli biçimde
balloon,"balon, şişmek"
ministry,bakanlık
down to,aşağı
think of,"düşünmek, akıl etmek"
react,tepki
feature,özellik
increase,"artırmak, artmak"
jewish,yahudi
helmet,kask
height,yükseklik
northmen,kuzeyliler
accidentally,yanlışlıkla
political,siyasi
magician,büyücü
furniture,mobilya
squeeze,suyunu sıkmak
rifle,tüfek
surrounded,çevrili
polite,"kibar, nazik"
cowboy,kovboy
scenario,senaryo
outfit,birlik
grownup,yetişkin
eve,havva
crisis,kriz
rescued,kurtarılan
worker,çalışan
pace,hız
comrade,yoldaş
steak,biftek
pole,kutup
tracker,izci
forbid,yasaklamak
wit,zekâ
rust,pas
leather,deri
candle,mum
bounce,"sıçrama, zıplama"
tricky,hileli
upside,üst taraf
addict,"bağımlı olmak, bağımlı"
tub,küvet
engagement,nişan
taxi,taksi
engaged,nişanlı
no-one,hiç kimse
tired,yorgun
mesa,yüksek ova
talkin,konuşmasıyla
intense,yoğun
mysterious,gizemli
groom,damat
minor,küçük
union,birlik
cunt,kadın cinsel organı
courtesy,nezaket
construction,inşaat
individual,bireysel
banging,küfür
warehouse,depo
sniper,keskin nisanci
profile,profil
produce,üretmek
chess,satranç
appeal,başvurmak
dibs,beştaş
slice,dilim
warden,bekçi
exposed,maruz
destruction,imha
virgin,bakire
mistaken,yanlış
nearby,yakında
plug,fiş
knot,düğüm
eleven,on bir
ruler,cetvel
assist,yardım etmek
flaw,kusur
halt,durdurmak
onion,soğan
operative,faal
oceanic,okyanus
pastor,papaz
british,İngiliz
teenager,genç
influence,etki
passion,tutku
engage,"bağlanmak, birbirine girmek"
petty,küçük
daily,günlük
slightly,"hafif, az oranda, belli belirsiz"
paperwork,evrak
handcuff,kelepçe
junk,önemsiz
unknown,bilinmeyen
ambulance,ambulans
storage,depolama
dug,kazılmış
infection,enfeksiyon
hallway,koridor
inch,inç
adopt,"benimsemek, evlat edinmek"
witnesses,tanıklar
handled,ele
plastic,plastik
widow,dul
exercise,egzersiz
constant,sabit
architecture,mimarlık
happier,daha mutlu
shortly,kısaca
secretary,sekreter
counter,sayaç
shed,"dökmek, akıtmak"
permanent,"kalıcı, sürekli, daimi"
paranoid,paranoyak
belief,inanç
active,aktif
choke,boğma
entertain,eğlendirmek
expense,gider
confront,karşısına çıkmak
surface,yüzey
pleasant,hoş
cleaner,temizleyici
resident,"oturan, sakin, yerleşmiş"
choos,çuf çuf tren
phrase,ifade
average,"ortalama, ortalama bulma"
permit,izin
display,görüntüle
decade,onyıl
hockey,hokey
depress,düşürmek
software,yazılım
database,veritabanı
november,kasım
performance,verim
inappropriate,uygunsuz
candidate,aday
therefore,bu nedenle
finest,en güzel
bald,kel
poop,"bok, kaka"
lydia,lidya
mighty,güçlü
filthy,pis
sheriff,şerif
pause,duraklat
slipped,kaymış
injured,yaralı
complex,karmaşık
sadly,ne yazık ki
kneel,diz çökmek
compromise,"taviz, ödün"
proven,kanıtlanmış
industry,sanayi
shave,tıraş
burst,patlama
label,etiket
shy,utangaç
resync,resync komutu
thick,kalın
urgent,acil
cart,araba ile taşımak
safely,güvenli bir şekilde
define,tanımlamak
bud,"tomurcuk, tomurcuklanmak"
dot,nokta
mutual,karşılıklı
privilege,ayrıcalık
troop,asker
typical,tipik
fairly,oldukça
legendary,efsanevi
farewell,veda
reckon,"tahmin etmek, hesaplamak"
remote,uzak
chart,grafik
journal,dergi
drone,erkek arı
consolidated,birleştirilmiş
acid,asit
gasp,nefesi kesilmek
billy,cop
ahem,hım
deal with,uğraşmak
facial,yüz
nanny,dadı
motherfucker,çocuğu
basket,sepet
poem,şiir
expose,maruz bırakmak
brand,marka
bull,boğa
highway,karayolu
conscience,"vicdan, inanç"
fist,yumruk
favour,iyilik
principal,asıl
assignment,atama
execution,icra
cheek,"yanak, küstahlık etmek"
bum,"otlakçı, dilenmek"
tomato,domates
zoo,hayvanat bahçesi
pirate,korsan
unfair,haksız
combination,kombinasyon
conclusion,sonuç
stab,bıçaklama
locker,kilitli dolap
deeper,daha derine
pregnancy,gebelik
gravity,yerçekimi
drain,akıtmak
fur,kürk
bacon,"domuz yağı, domuz pastırması"
precisely,tam
await,beklemek
drank,içti
content,"içerik, memnun etmek"
lobster,istakoz
liquid,sıvı
purple,mor
puppet,kukla
distress,sıkıntı
rainbow,gökkuşağı
come out,"yayımlamak, ortaya çıkmak"
elves,elfler
shout,"bağırmak, haykırmak"
be with,ile olmak
malfunction,arıza
newspaper,gazete
employ,kullanmak
reek,buğulanmak
blond,sarışın
profit,kâr
lit,"yanan, sarhoş, edebiyat"
assign,"atamak, devretmek"
kit,malzeme
stash,saklamak
personality,kişilik
haul,çekmek
steer,yönlendirmek
honesty,dürüstlük
hilarious,neşeli
estate,arazi
batch,"yığın, grup"
menu,menü
corridor,koridor
joint,bağlantı
previous,önceki
captured,yakalanan
wagon,yük vagonu
tube,tüp
unlikely,olası olmayan
development,gelişme
conquer,fethetmek
cube,küp
plot,arsa
meter,metre
rail,demiryolu
prior,önceki
intent,niyet
gotcha,anladım
vanish,tarihe karışmak
physician,doktor
objection,itiraz
unsullied,tertemiz
sorcery,büyücülük
consult,danışmak
witcher,"efsunger, cadıeril"
exception,istisna
unhappy,mutsuz
stain,leke
spray,sprey
vomit,kusmak
stubborn,inatçı
amongst,arasında
badass,"sert çocuk, agresif tip"
length,uzunluk
loving,seven
gentle,nazik
structure,yapı
mature,olgun
cripple,"sakat, sakatlamak"
operate,işletmek
shared,paylaşılan
surgeon,cerrah
effective,etkili
sheep,koyun
leverage,kaldıraç
winning,kazanan
yield,yol ver
republic,cumhuriyet
anxiety,"endişe, kaygı"
canadian,kanadalı
gambling,kumar
senator,senatör
unity,birlik
ski,kayak
labyrinth,labirent
booze,"alem yapmak, içki içmek"
compound,bileşik
rage,öfke
wednesday,çarşamba
quietly,sessizce
extraordinary,olağanüstü
assistance,yardım
explode,patlamak
colonel,albay
shaft,şaft
luckily,iyi ki
footprint,ayak izi
meanwhile,o esnada
mexican,meksikalı
conspiracy,komplo
chapter,bölüm
employer,işveren
eternity,sonsuzluk
aboard,"içinde ( geminin, uçağın içinde)"
activate,etkinleştirmek
nicely,güzelce
gesture,mimik
wed,evlenmek
resume,devam et
spoon,kaşık
complaint,şikâyet
settled,yerleşik
holly,çobanpüskülü
dummy,sahte
inmate,tutuklu
beef,sığır eti
instance,"örnek, misal, olay, durum"
struggle,mücadele
principle,prensip
appearance,görünüm
trauma,travma
infinite,sonsuz
cuff,manşet
superhero,süper kahraman
cent,sent
blackmail,"şantaj, şantaj yapmak"
beloved,sevgili
companion,arkadaş
perspective,perspektif
rightful,haklı
waking,uyanık
formula,formül
leap,sıçrama
routine,rutin
self,"öz, kendi, kişilik"
realise,"gerçekleştirmek, farkına varmak"
debate,tartışma
torn,yırtık
net,ağ
frog,kurbağa
mistress,metres
deeply,derinden
rally,ralli
flush,floş
fee,ücret
encounter,karşılaşma
charged,yüklü
lunatic,çılgın
analysis,analiz
tune,melodi
communicate,iletişim kurmak
tempt,ayartmak
emperor,imparator
recovery,kurtarma
temper,öfke
axe,"balta, baltalamak"
korean,koreli
quote,alıntı
accurate,doğru
thanksgiving,şükran günü
jackass,ahmak
spotted,benekli
fulfill,yerine getirmek
supportive,destekleyici
announce,anons etmek
dentist,diş doktoru
aisle,koridor
fiancee,nişanlı
mustache,bıyık
defendant,sanık
waiter,garson
application,uygulama
expand,genişletmek
celebration,kutlama
capture,ele geçirmek
bind,bağlamak
electric,elektrik
dull,sikici
gray,gri
slut,sürtük
mole,köstebek
greet,selamlamak
cloak,pelerin
global,küresel
lamb,kuzu
creep,sürünme
outcome,sonuç
starter,başlatıcı
absence,yokluk
unable,aciz
coitus,cinsel birleşme
reference,referans
bond,bağ
figure out,çözmek
inevitable,kaçınılmaz
simulation,simülasyon
sharing,paylaşım
lousy,bitli
physically,fiziksel olarak
bounty,cömertlik
heel,topuk
stalk,sap
dragged,sürüklenen
bolt,"sürgülemek, sürgü"
kick one's asses,hadlerini bildirmek
recipe,yemek tarifi
whistle,ıslık
kidney,böbrek
electronic,elektronik
shotgun,pompalı tüfek
kiddo,ufaklık
bored,sıkılmış
medication,ilaç
barbecue,"barbekü, mangal"
homeless,evsiz
magnet,mıknatıs
reception,resepsiyon
cinnamon,tarçın
ottoman,osmanlı
vodka,votka
upper,üst
entry,giriş
grunt,homurtu
mud,çamur
ambush,"Pusu, pusuya düşürmek"
headache,baş ağrısı
abduct,kaçırmak
suspend,askıya almak
violation,ihlal
politician,politikacı
dynamite,dinamit
culture,kültür
europe,avrupa
diary,günlük
actress,"aktris, kadın oyuncu"
signora,sinyora
turks,Türkler
wait for,bekle
came back,geri gel
eagle,kartal
roman,roma
battlefield,harp meydanı
education,eğitim
turner,tornacı
whew,vay
lightning,şimşek
embrace,kucaklamak
extract,ayıkla
pawn,piyon
allergic,alerjik
surprising,şaşırtıcı
obey,itaat etmek
polish,lehçe
concrete,somut
noon,öğle vakti
weirdo,garip
particle,parçacık
brag,övünmek
fog,sis
fork,"çatal, savurmak, çatallaşmak"
misery,sefalet
existence,varoluş
tense,gergin
install,yüklemek
stamp,pul
flare,işaret fişeği
shovel,kürek
immediate,acil
alternative,"alternatif, seçenek"
eighth,sekizinci
mob,çete
seize,"el koymak, zorla almak"
forbidden,yasak
inspire,ilham vermek
media,medya
wax,"ağda, mum, mumlamak"
emotionally,duygusal yönden
grey,gri
sandpiper,çulluk
get off,"inmek, ayrılmak, çıkmak"
ma'am,majesteleri
superior,üstün
imagination,hayal gücü
motive,güdü
superman,süpermen
suspicion,şüphe
gossip,dedikodu
vein,damar
extreme,aşırı
bare,"çıplak, çıkarmak"
slam,çarpmak
psychopath,psikopat
illness,hastalık
sore,"yara, ağrılı, kederli"
overreact,aşırı tepki
lottery,piyango
reservation,rezervasyon
upload,yüklemek
iraq,irak
species,türler
october,ekim
publish,yayınla
celebrity,şöhret
suitcase,bavul
description,açıklama
absolute,"mutlak, kesin"
building,"bina, inşaat"
significant,önemli
fairy,peri
knives,bıçaklar
worthless,değersiz
coma,koma
dispatch,sevk etmek
thy,senin
factor,faktör
cycle,döngü
constantly,sürekli
soviet,sovyet
swell,kabarma
fled,kaçtı
jew,yahudi
management,yönetim
carpet,halı
heroin,eroin
involved,ilgili
freighter,şilep
excite,heyecanlandırmak
mammoth,mamut
pick up,almak
brand-new,yepyeni
casual,gündelik
ambassador,Büyükelçi
veil,duvak
allegiance,"sadakat, biat"
instruct,öğretmek
taller,daha uzun
delicate,narin
vice,mengene
honorable,onurlu
glow,"korlaşmak, parlamak, parıltı"
poster,afiş
thee,sana
skinny,sıska
disposal,bertaraf
brutal,acımasız
gratitude,şükran
hers,"onunki, onun"
primary,birincil
envy,imrenme
risky,riskli
grasp,"kavramak, anlamak, kapmak"
stepped,basamaklı
separated,ayrıldı
cannon,top
beaten,dövülmüş
whiskey,viski
upgrade,yükselt
leadership,liderlik
ai,yapay zeka
felony,suç
identical,özdeş
granny,nine
cursed,lanetli
nightfall,akşam vakti
picnic,"piknik, piknik yapmak"
harvest,hasat
southern,güney
portal,kapı
eliminate,elemek
lobby,lobi
prototype,prototip
opponent,karşı taraf
tooth,diş
lemon,limon
production,"üretim, üretme"
apologise,özür dilemek
remotely,uzaktan
naive,saf
testimony,tanıklık
concept,"konsept, kavram, görüş"
worship,ibadet
intimate,samimi
adjust,ayarlamak
nothin,hiçbirşey
altar,adak taşı
unlock,kilidini aç
delight,zevk
sens,borsa haberleri yayınlama servisi
poetry,şiir
fucker,sikici
terribly,son derece
zombie,zombi
racist,ırkçı
napkin,peçete
genetic,genetik
technique,teknik
frequency,sıklık
versus,e karşı
pledge,rehin
somewhat,biraz
dancer,dansçı
sustain,sürdürmek
pursue,takip
dean,dekan
poke,dürtme
surviving,hayatta kalmak
dumbass,gerizekalı
transmission,iletim
straw,saman
interrogation,sorgu
wiped,sildi
ironic,ironik
native,yerli
spaghetti,spagetti
butterfly,kelebek
pharmaceutical,eczacılığa ait
kindergarten,çocuk yuvası
supervisor,gözetmen
cutter,kesici
clinic,klinik
prank,eşek şakası
hem in,hem
come from,dan geliyorum
bridesmaid,nedime
romance,romantik
initial,ilk
burnt,yanmış
rebuild,yeniden inşa etmek
logic,mantık
ration,tayın
handy,kullanışlı
strongest,en güçlü
smartest,zeki
hollow,oyuk
deadly,ölümcül
curiosity,merak
pussy,"kedi, korkak, kadın cinsel organı"
dramatic,dramatik
arrogant,kibirli
reign,saltanat
restore,onarmak
bracelet,bilezik
instrument,müzik aleti
approval,onay
removed,çıkarıldı
strap,kayış
condom,prezervatif
undertaking,taahhüt
conceal,gizlemek
guidance,rehberlik
traditional,geleneksel
kidnapping,kaçırma
concentrate,yoğunlaşmak
metaphor,"metafor, mecaz"
naturally,doğal olarak
election,seçim
triple,üçlü
dice,zar
dagger,hançer
shark,köpekbalığı
improve,iyileştirmek
humble,mütevazı
importance,önem
envelope,zarf
solar,güneş
definition,tanım
thus,böylece
diet,diyet
lawn,çim
comin,geliyor
vigilance,uyanıklık
thoughtful,düşünceli
nest,yuva
quicker,hızlı
blank,boş
cherry,kiraz
carbon,karbon
basketball,basketbol
theft,"hırsızlık, çalma"
investigating,soruşturma
turn to,çevirmek
australia,avustralya
boot,çizme
go for,için gitmek
veronica,veronika
marine,deniz
congressman,kongre üyesi
psych,psikiyatri
lasagna,lazanya
darn,lanetlemek
alibi,mazeret
dimension,boyut
betrayal,ihanet
meds,ilaçlarını
scent,koku
pulse,nabız
ginger,zencefil
fluid,akışkan
parade,geçit
popped,attı
plead,savunmak
backpack,"sırt çantası, pikniğe gitmek"
observe,gözlemek
mourn,yas tutmak
sunshine,gunes isigi
bold,cesur
sole,tek
kingslayer,kral katili
combin,kombinasyon
necklace,kolye
basis,temel
prostitute,fahişe
western,batı
counselor,danışman
contempt,"aşağılama, küçümseme, hor görme"
buyer,alıcı
footstep,basamak
deception,aldatma
fortunately,neyse ki
toothbrush,diş fırçası
cereal,tahıl
bagel,simit
audit,hesapları denetlemek
baggage,Bagaj
convention,kongre
sailor,denizci
rival,rakip
surprisingly,şaşırtıcı biçimde
squirrel,sincap
pursuit,kovalama
repay,ödemek
mobile,seyyar
religious,dini
airplane,uçak
forgetting,unutma
ceiling,tavan
vicious,ahlaksız
tragic,trajik
retirement,emeklilik
eternal,sonsuz
divorced,boşanmış
convenient,uygun
swamp,bataklık
truce,ateşkes
spine,omurga
cocktail,kokteyl
coke,kok
budget,bütçe
junkie,esrarkeş
smelly,pis koku
slutty,sürtük
bartender,barmen
sophisticated,sofistike
copycat,taklitçi
rod,kamış
slight,hafif
harsh,sert
bench,bank
dealt,ele
population,nüfus
consciousness,bilinç
biter,"ısırgan, ısıran kimse"
chopper,helikopter
grenade,el bombası
rehearsal,prova
slit,yarık
gravy,sos
rubber,silgi
daylight,gün ışığı
calendar,takvim
lure,yem
supper,akşam yemeği
objective,amaç
relay,röle
scum,pislik
sequence,sıra
illusion,yanılsama
translate,tercüme
eyebrow,kaş
throughout,boyunca
accusation,suçlama
sober,ölçülü
vent,havalandırmak
fascinating,büyüleyici
chips,cips
rely,güvenmek
enterprise,kuruluş
speaker,konuşmacı
cargo,kargo
regardless,ne olursa olsun
reverse,ters
conviction,mahkumiyet
joss,çin putu
minimum,asgari
alike,"hem, benzeyen"
overwhelm,kaplamak
fame,şöhret
protector,koruyucu
hesitate,tereddüt
stew,güveç
deaf,sağır
drawn,çekilmiş
endless,sonsuz
capacity,kapasite
rash,döküntü
ridge,çıkıntı
acknowledge,kabul etmek
justify,"haklı çıkarmak, savunmak, doğrulamak"
exhibit,"sergi, sergilemek"
cooler,soğutucu
subtle,ince
qualify,nitelemek
ritual,ayin
wrapped,örtülü
prey,av
niece,yeğen
hacking,hacklemek
recognition,tanıma
riddle,bilmece
civilization,medeniyet
pact,pakt
owl,baykuş
liquor,likör
wheelchair,tekerlekli sandalye
billionaire,milyarder
umbrella,şemsiye
shut up,kapa çeneni
live in,içinde yaşamak
hector,"kabadayılık etmek, yüksekten atmak"
psychic,psişik
album,albüm
mint,nane
precaution,önlem
practical,pratik
inner,iç
condemn,kınamak
layer,katman
oldest,en eski
brake,fren yapmak
yogurt,yoğurt
wired,telli
freed,serbest bırakılmış
inventory,envanter
troubled,sorunlu
unarmed,silâhsız
harmless,zararsız
submit,sunmak
weep,ağlamak
balcony,balkon
largest,en büyük
select,seçmek
orphan,yetim
disarm,etkisiz hale getirmek
dime,on sent
ketchup,ketçap
greek,yunan
banish,sürgün etmek
grape,üzüm
singer,şarkıcı
writer,yazar
purge,Temizle
mortal,ölümlü
predict,öngörmek
equally,aynı derecede
coffin,tabut
dive,dalış
unexpected,beklenmedik
electrical,elektrik
commission,komisyon
manifest,belirgin
enormous,muazzam
pigeon,güvercin
ancestor,ata
nearest,en yakın
reconsider,yeniden gözden geçirmek
equation,denklem
donor,verici
gene,gen
crate,sandık
bubble,kabarcık
bribe,rüşvet
gorilla,"goril, koruyucu, fedai"
academy,akademi
necessarily,"zorunlu olarak, mutlaka"
anchor,"çapa, demir atmak, demirlemek"
evacuate,boşaltmak
gig,iş
pale,soluk
marker,işaretleyici
shelf,raf
december,aralık
disrespect,saygısızlık
pearl,inci
trophy,kupa
genie,cin
fiance,nişanlı
lockdown,kilitlenme
cliff,uçurum
smith,demirci
flash,"ışık tutmak, parlama"
ask for,istemek
ma,anne
bomber,bombacı
placed,yerleştirilmiş
hobby,hobi
sweaty,terli
mustard,hardal
delete,silmek
enforcement,zorlama
coworker,i·ş arkadaşı
handling,kullanma
triumph,zafer
eager,istekli
cafeteria,kafeterya
gently,nazikçe
distant,uzak
entertainment,eğlence
owed,borçlu
grocery,bakkal
operator,şebeke
sloppy,yarım yamalak
retrieve,geri almak
curtain,perde
reminder,hatırlatma
errand,ayak işleri
ham,domuz budu
personnel,personel
indicate,belirtmek
rig,teçhizat
affection,sevgi
arrival,varış
villain,cani
technical,teknik
keeper,kaleci
overcome,aşmak
meaningless,anlamsız
ferry,feribot
visual,görsel
taxes,vergileri
refresh,yenileme
certificate,"sertifika, belge vermek"
sleepy,uykulu
deed,tapu
fond,düşkün
sought,aranan
auction,açık artırma
fortress,kale
intercept,tutmak
vial,küçük şişe
june,haziran
heathen,dinsiz
for your information,bilginize
clone,klon
reflect,yansıtmak
guardian,muhafız
erase,silmek
amend,değiştirmek
imply,ima etmek
legitimate,meşru
supreme,yüce
download,indir
toxic,toksik
kidnap,kaçırmak
ambition,hırs
worn,yıpranmış
soak,emmek
sunset,gün batımı
fortunate,şanslı
trailer,tanıtım videosu
vacuum,vakum
clip,kırpmak
broadcast,yayın yapmak
manufacture,üretmek
magnificent,muhteşem
bitter,acı
vampire,vampir
carrot,havuç
sacrificed,kurban
playbook,senaryo
enchantment,büyü
investigator,araştırmacı
peed,işedi
whoop,bağırtı
pajama,pijama
draft,taslak
observation,gözlem
deploy,dağıtmak
medal,madalya
scoop,kepçe
firewall,güvenlik duvarı
advertise,reklam yapmak
classify,sınıflandırmak
kings,krallar
politics,siyaset
locket,madalyon
bladder,"mesane, idrar torbası"
scam,aldatmaca
plague,veba
january,ocak
peaceful,huzurlu
civilian,sivil
convict,hükümlü
grip,kavrama
overnight,bir gecede
sew,dikmek
occurred,oluştu
damaged,hasarlı
paradise,cennet
sticker,etiket
exam,sınav
rebel,asi
treaty,antlaşma
smack,şaplak
wingman,yancı
lookout,"gözleme, gözculuk yapma"
motorcycle,motosiklet
bedtime,yatma zamanı
asian,asyalı
silk,ipek
homeland,vatan
ink,mürekkep
alongside,yanında
retire,emekli olmak
circuit,devre
sixth,altıncı
germany,almanya
maintenance,bakım
shiny,parlak
torch,meşale
acceptable,kabul edilebilir
manual,manuel
sarcasm,iğneleme
anticipate,"beklemek, ummak"
alternate,"alternatif, sıra ile yapmak"
withdraw,çekil
pork,domuz eti
secretly,gizlice
poet,şair
rubbish,"döküntü, çöp, enkaz, moloz"
partnership,ortaklık
vegetable,sebze
earthquake,deprem
musical,müzikal
promotion,tanıtım
elbow,dirsek
outer,dış
unacceptable,kabul edilemez
mankind,insanlık
reduce,azaltmak
foul,faul
imprison,hapsetmek
wrath,gazap
vet,veteriner
stitch,dikiş
lightly,hafifçe
douche,şırınga
skank,sürtük
thieves,hırsızlar
glorious,şanlı
vital,hayati
advisor,Danışman
straighten,düzleştirmek
declare,bildirmek
tomb,mezar
shining,parlıyor
pointless,anlamsız
cardinal,kardinal
rice,pirinç
ant,karınca
launder,aklamak
barge,"duba, içeri dalmak"
freckle,çil
filed,dosyalanmış
finance,"maliyei finans, finanse etmek"
pay for,ödemek
ex,eski
according,göre
solved,çözülmüş
intern,stajyer
payroll,maaş bordrosu
antique,antika
vatican,vatikan
override,geçersiz kılma
association,dernek
backyard,arka bahçe
info,bilgi
parked,"park etmiş, beklemede"
unstable,kararsız
restrain,dizginlemek
handful,avuç
circus,sirk
meetings,toplantılar
forensic,adli
psychiatrist,psikiyatrist
stag,erkeklere özel
messy,dağınık
cartoon,karikatür
radius,yarıçap
dose,doz
exposure,"maruz kalma, teşhir, poz"
ruling,yonetmek
grass,çimen
jewelry,takı
examine,muayene etmek
jewel,mücevher
mummy,mumya
dine,yemek
youth,gençlik
protective,koruyucu
presume,varsaymak
column,"kolon, sütun"
unpleasant,hoş olmayan
heroic,kahraman
foundation,yapı temeli
aspect,görünüş
hardest,en zor
gladly,memnuniyetle
keen,keskin
bruise,"çürük, zedelemek"
depart,ayrılmak
announcement,"duyuru, ilan"
laughter,kahkaha
antidote,panzehir
lease,kiralama
anxious,endişeli
described,tarif edilen
pepper,biber
accompany,eşlik etmek
generally,genellikle
toll,geçiş ücreti
tit,"meme, meme başı"
fifty,elli
youngest,en genç
independent,bağımsız
shutting,kapatma
elsewhere,başka yerde
safest,en güvenli
urge,dürtü
helium,helyum
lethal,öldürücü
aggressive,"agresif, saldırgan"
dove,güvercin
hereby,bu vesile ile
crib,beşik
louder,yüksek sesle
lend,ödünç vermek
controlled,kontrollü
discount,indirim
janitor,kapıcı
magnetic,manyetik
passport,pasaport
transferred,transfer
look for,aramak
turn out,sonuçlanmak
came in,içeri geldi
valley,vadi
stay in,kal
go down,aşağı in
narcotic,narkotik
councilman,meclis üyesi
closure,kapatma
experimental,deneysel
rental,kiralık
inject,enjekte etmek
thankful,müteşekkir
flank,böğür
glue,tutkal
tan,"bronzlaştırmak, dövmek"
strain,gerginlik
explore,keşfetmek
maiden,"bakire, bekar"
chin,çene
cabinet,kabine
annual,yıllık
awhile,bir süre
shade,gölge
maniac,manyak
provided,sağlanan
thread,konu
turtle,kaplumbağa
prophecy,kehanet
flee,kaçmak
disabled,engelli
verdict,karar
piano,piyano
hydrogen,hidrojen
resolve,"çözmek, gidermek, çözümlemek"
eastern,doğu
rarely,seyrek
journalist,gazeteci
raw,"çiğ, ham"
purchase,satın alma
grease,gres
sensor,algılayıcı
sushi,suşi
institution,kurum
pronounce,telaffuz
liver,karaciğer
relation,ilişki
thai,tayland
investigate,incelemek
immortal,ölümsüz
theoretical,teorik
sexually,cinsel
imaginary,hayali
exploit,sömürmek
mercenary,paralı
rack,raf
depth,derinlik
via,üzerinden
pose,poz
divide,bölmek
flea,pire
suite,süit
revolution,devrim
goddess,tanrıça
brothel,genelev
spark,kıvılcım
consent,razı olmak
payback,geri ödeme
slim,ince
celebrating,kutluyor
cracker,kraker
replacement,değiştirme
filter,filtre
reckless,umursamaz
confusion,karışıklık
sinner,günahkâr
scheduled,tarifeli
mentor,akıl hocası
genuine,hakiki
tray,tepsi
graduate,mezun olmak
behold,dikkatle bakmak
thou,sen
pancakes,krep
administration,yönetim
tactic,taktik
gimme,"çocuk oyuncağı, yat benimle"
presentation,sunum
soil,toprak
prep,hazırlık
maze,labirent
fundraiser,bağış
autopsy,otopsi
anomaly,anomali
nickel,nikel
refrigerator,buzdolabı
naughty,yaramaz
salary,maaş
accountant,muhasebeci
adoption,"benimseme, evlat edinme"
live with,birlikte yaşamak
rip,huzur içinde yatsın
show up,ortaya çıkmak
dreamland,hayaller ülkesi
snap,ani
kitty,yavru kedi
look after,ilgilenmek
bluff,blöf yapmak
gallon,galon
inspector,müfettiş
investor,yatırımcı
encrypt,şifrelemek
fugitive,firari
lighthouse,fener
user,kullanıcı
domestic,"yerli, iç, evcil"
donation,bağış
hike,yürüyüş
bass,bas
appetite,iştah
olive,zeytin
captive,esir
creative,yaratıcı
outsider,yabancı
peel,kabuk
rising,yükselen
broad,geniş
continued,devam etti
jammed,sıkışmış
tissue,doku
praise,övgü
spared,kurtulmuş
squire,bey
invasion,istila
delusion,kuruntu
twelve,on iki
causing,neden olan
disappointment,hayal kırıklığı
cigar,puro
rigged,hileli
absurd,saçma
origin,menşei
tammy,bere
efficient,verimli
whatsoever,"hangi, herhangi bir"
occupy,işgal etmek
resistance,direnç
limb,uzuv
profession,meslek
lazy,tembel
sympathy,sempati
substance,"madde, cisim"
banker,bankacı
premise,öncül
protest,protesto
boundary,sınır
crab,yengeç
creation,oluşturma
weed,ot
shatter,"çatlamak, çatlatmak"
vessel,gemi
crappy,berbat
ransom,fidye
additional,ek
elegant,zarif
scrape,kazımak
rooftop,çatı
stadium,stadyum
longest,en uzun
faint,baygın
stepping,adım
sum,toplam
mushroom,mantar
guild,lonca
furious,öfkeli
roast,rosto
craft,zanaat
unnecessary,gereksiz
timeline,zaman çizelgesi
satisfaction,memnuniyet
tore,yırttı
raising,yükselen
container,konteyner
leaf,yaprak
intact,"dokunulmamış, el değmemiş"
herb,ot
submarine,denizaltı
july,temmuz
reinforcement,güçlendirme
intervention,müdahale
delightful,hoş
beam,"ışın, kiriş"
hardware,donanım
cocaine,kokain
luggage,valiz
swan,kuğu
classes,sınıflar
move on,devam et
get away,kurtulmak!
be out,"söz konusu olmamak, bitmiş olmak, çıkmak"
exciting,heyecan verici
pleas,yakarışlarıyla
sit down,otur
get into,içine girmek
come up,ortaya çıkmak
faced,yüzlü
prosecution,"ilerletme, sürdürme"
briefcase,evrak çantası
encryption,şifreleme
unleash,"salıvermek, serbest bırakmak"
teenage,genç
pencil,kalem
confidential,gizli
strongly,şiddetle
rehab,rehabilitasyon
autograph,imzalamak
geology,jeoloji
vagina,vajina
favourite,favori
whereabouts,nerelerde
permanently,kalıcı olarak
mica,"mika, yalıtkan"
sip,yudum
buckle,"toka, ilişkilendirmek"
blink,"göz kırpmak, yanıp sönmek"
audio,ses
dutch,flemenkçe
break in,sözünü kesmek
maximum,maksimum
brass,pirinç
tension,gerginlik
scissor,makasla kesmek
fragile,kırılgan
kindness,iyilik
agenda,gündem
salmon,somon
chatter,gevezelik
wealth,servet
breed,doğurmak
innocence,"saflık, masumiyet"
convert,dönüştürmek
lust,şehvet
hut,kulübe
despair,umutsuzluk
institute,enstitü
construct,kurmak
coconut,hindistan cevizi
recognized,tanınan
granddaughter,kız torun
pickup,almak
differ,farklılık
willingly,isteyerek
author,yazar
corps,kolordu
legally,yasal olarak
descend,inmek
africa,Afrika
bowel,bağırsak
slavery,kölelik
maple,akçaağaç
shampoo,şampuan
interfere,karışmak
intellectual,entellektüel
breakthrough,atılım
difficulty,zorluk
nun,rahibe
reserv,rezerv
remorse,vicdan azabı
tide,gelgit
goose,kaz
decay,çürüme
orchid,orkide
economy,ekonomi
toxin,toksin
spite,nispet
growth,büyüme
helpless,çaresiz
restrict,kısıtlamak
valid,geçerli
horizon,ufuk
outnumber,fazla gelmek
closely,yakından
spi,spektropolarimetrik görüntüleme
swimming,yüzme
bush,"çalı, orman, kırsal, kaplamak"
riot,isyan
rotten,çürük
ladder,merdiven
approximately,yaklaşık olarak
destination,hedef
correctly,doğru şekilde
mechanic,tamirci
consistent,"tutarlı, istikrarlı"
shook,salladı
denial,ret
underestimate,azımsamak
stir,karıştırmak
hump,"kambur, kamburluk"
grind,eziyet
infirmary,revir
courthouse,adliye
interference,girişim
insect,böcek
artificial,yapay
elephant,fil
recognise,tanımak
cricket,kriket
detector,detektör
courtroom,mahkeme salonu
strawberry,çilek
drugged,uyuşturulmuş
casualties,kayıplar
servers,sunucular
give it to,vermek
bob,inip çıkmak
troll,trol
draco,drakon
lockup,kilitlemek
tennis,tenis
caller,arayan
sociopath,sosyopat
prescription,reçete
clearance,boşluk
brisket,döş
chemist,eczacı
environmental,çevre
reader,okuyucu
quarantine,karantina
stroll,gezinti
mere,sırf
setup,kurmak
in addition,ek olarak
apple,elma
cease,"durdurmak, vazgeçmek, son vermek"
sorrow,üzüntü
heavily,ağır şekilde
graveyard,mezarlık
thorough,tam
framed,"iskeletli, çerçeveli"
caution,"uyarmak, ihtar etmek, dikkat çekmek"
policeman,polis
crossbow,yaylı tüfek
scatter,"saçmak, dağıtmak"
hose,hortum
smuggler,kaçakçı
burner,yakıcı
sundown,gün batımı
chernobyl,çernobil
greedy,açgözlü
integrity,bütünlük
tequila,tekila
traveler,gezgin
snore,horlama
intervene,araya girmek
analyze,analiz etmek
lantern,fener
vanilla,vanilya
beverage,içecek
shipping,nakliye
negotiation,müzakere
costum,kostüm
judged,yargılanır
priestess,rahibe
hottest,sıcak
seventh,yedinci
undo,geri alma
enlist,kaydetmek
elect,"seçmek, seçilmiş"
imminent,"eli kulağında, pek yakın"
universal,evrensel
pottery,çömlekçilik
ribbon,kurdele
addiction,bağımlılık
lone,yalnız
wage,ücret
grill,ızgara
radioactive,radyoaktif
happiest,en mutlu
wield,kullanmak
mermaid,deniz kızı
oops,ayy
sewer,lağım
dignity,"haysiyet, onur"
gunfire,top ateşi
vast,muazzam
kin,soydaş
doorstep,"eşik, basamak, kapı önü"
telephone,telefon
grain,tahıl
minus,eksi
sleeve,kol
mattress,yatak
confusing,kafa karıştırıcı
intruder,davetsiz misafir
lawsuit,dava
cushion,minder
psychological,psikolojik
scanner,tarayıcı
cranky,huysuz
stripe,şerit
electromagnetic,elektromanyetik
navy,donanma
organized,örgütlü
ongoing,devam eden
mexico,meksika
dementors,ruh emiciler
put on,giymek
con,aleyhte
doom,"kıyamet, felaket, dehşet"
go away,"çekip gitmek, defolmak, terk etmek"
tab,çıkıntı
medium,orta
sticky,yapışkan
restroom,tuvalet
receipt,fiş
underwater,su altı
cramp,kramp
pageant,geçit töreni
lipstick,ruj
remedy,çare
expertise,uzmanlık
controlling,kontrol
strict,sıkı
struggling,mücadele
sedative,yatıştırıcı
southwest,güneybatısında
reset,sıfırla
improvement,"gelişme, iyileşme, düzelme, ilerleme"
utterly,tamamen
vouch,kefil olmak
parole,şartlı tahliye
agony,acı
reverend,"saygıdeğer, muhterem"
lurk,gizlenmek
formal,biçimsel
wooden,ahşap
fitting,uydurma
strictly,kesinlikle
assassinate,suikast yapmak
conclave,kardinaller meclisi
marrow,ilik
understandable,anlaşılabilir
fifteen,onbeş
executive,yönetici
moan,inilti
fiction,kurgu
biological,biyolojik
buffet,"büfe, yumruklama"
boost,artırmak
skate,paten
telescope,teleskop
reopen,yeniden açmak
sparrow,serçe
disobey,uymamak
skeleton,iskelet
spice,baharat
occasionally,bazen
pervert,sapık
restraint,kısıtlama
compass,pusula
enlighten,aydınlatmak
serpent,yılan
transform,dönüşüm
charter,tüzük
freshman,birinci sınıf öğrencisi
bravery,cesaret
setback,gerileme
divine,ilahi
endanger,tehlikeye atmak
rebellion,isyan
elaborate,ayrıntılı
allies,itilaf devletleri
petition,dilekçe
renounce,vazgeçmek
little finger,serçe parmağı
amateur,amatör
bandage,"bandaj, bandajlamak"
creek,dere
comedy,komedi
sadness,üzüntü
occasional,nadiren
fewer,daha az
dreamt,hayal
faithful,sadık
transportation,ulaşım
adapt,"uymak, adapte olmak"
homemade,ev yapımı
shaking,sallama
lighter,çakmak
being,varlık
penalty,ceza
hairy,kıllı
catholic,katolik
superpower,süper güç
september,eylül
tenant,kiracı
shuttle,servis aracı
input,giriş
campus,yerleşke
graduation,mezuniyet
firework,havai fişek
condo,konut
matches,maçlar
refused,reddetti
alias,"sahte isim, takma isim"
fall in,içine düşmek
upstairs,üst katta
thursday,perşembe
bye-bye,güle güle
goodman,"koca, baba, aile reisi"
firearm,ateşli silâh
collateral,yan
commissioner,komiser
platinum,platin
scumbag,pislik
chore,zevksiz iş
globe,küre
processor,işlemci
morgue,morg
clay,kil
pacific,pasifik
jazz,caz
consultant,danışman
naming,adlandırma
redemption,ödeme
rang,çalmak
productive,üretken
cooperate,işbirliği yapmak
bunk,"ranza, kaçmak"
rookie,çaylak
stranded,"mahsur, çıkmaza düşmüş"
mainly,esasen
soy,soya
photographer,fotoğrafçı
faked,sahte
evacuation,tahliye
stray,başıboş
freezer,dondurucu
withdrawal,para çekme
embarrassment,sıkıntı
breeze,esinti
sector,sektör
massacre,katliam
passionate,tutkulu
assemble,"birleştirmek, monte etmek"
rear,arka
puke,kusmak
artery,"ana yol, atardamar"
intercourse,ilişki
lid,kapak
overrun,aşmak
nazis,naziler
instant,anlık
essence,öz
shorter,daha kısa
builder,"kurucu, oluşturucu"
rum,"tuhaf, rum, içki"
exotic,egzotik
persuade,ikna etmek
suitable,uygun
notion,kavram
expectation,beklenti
initiate,başlatmak
defect,kusur
chunk,yığın
logical,mantıklı
household,ev halkı
skirt,etek
outpost,ileri karakol
weasel,gelincik
guid,kılavuz
hunger,"açlık, özlem, istek"
whale,balina
variable,değişken
jealousy,kıskançlık
torment,azap
kite,uçurtma
freely,serbestçe
scrub,ovmak
gallery,galeri
acquaintance,tanıdık
marathon,maraton
compete,yarışmak
ingredient,bileşen
disguise,gizlemek
sentiment,duygusallık
prophet,peygamber
ultimately,en sonunda
grandkid,torun
parasite,parazit
tremendous,muazzam
prosecutor,savcı
disconnect,bağlantıyı kesmek
preserve,korumak
merchant,tüccar
quarry,taş ocağı
cozy,rahat
shitty,boktan
farther,daha uzağa
hunch,önsezi
duct,kanal
northwest,kuzey batı
porch,sundurma
wolves,kurtlar
inn,han
awfully,berbat bir şekilde
flock,sürü
resolution,çözüm
skipped,atlanır
unto,üzerine
broom,süpürge
curfew,sokağa çıkma yasağı
thirty,otuz
contribute,katkıda bulunmak
brat,velet
hopeless,umutsuz
slippery,kaygan
doorbell,kapı zili
classroom,sınıf
ounce,ons
mercury,merkür
academic,akademik
tumor,tümör
nipple,meme
documentary,belgesel
mining,madencilik
detention,tutuklama
coffeehouse,kahve evi
unemployed,işsiz
tourist,turist
destined,kaderinde
tommy,ingiliz askeri
get over,atlatmak
hired,kiralanmış
headquarter,merkezi
pot,tencere
sandy,kumlu
mage,sihirbaz
put in,koymak
cured,kürlenmiş
antenna,anten
bakery,fırın
suburb,kenar mahalle
doughnut,tatlı çörek
limo,limuzin
typically,genellikle
mainframe,anabilgisayar
morse,mors
bonding,"yapıştırma, tutturma"
improv,doğaçlama
poll,anket
feather,kuş tüyü
grudge,kin
forehead,alın
jaw,çene
mode,kip
severe,şiddetli
context,bağlam
shepherd,çoban
spinning,döndürme
recommendation,öneri
virtual,sanal
pony,midilli
fuse,sigorta
cocoa,kakao
untie,çözmek
satan,şeytan
heartbeat,kalp atışı
holed,delikli
lever,kaldıraç
easiest,en kolay
rational,akılcı
wealthy,"zengin, varlıklı"
redhead,kızıl saçlı
resent,yeniden gönderilen
bureau,"büro, acente"
immune,bağışık
sincere,samimi
gin,cin
coolest,havalı
souvenir,hatıra
appoint,atamak
allergy,alerji
fealty,sadakat
volume,ses
fatal,ölümcül
ruthless,acımasız
seer,falcı
renew,yenile
orcs,orklar
ranch,çiftlik
orbit,yörünge
lump,"topak, yumru"
compassion,merhamet
obsession,takıntı
voyage,yolculuk
underestimated,hafife
manipulate,idare
bathtub,küvet
hog,domuz
shush,sus
proposition,önerme
disappearance,yok olma
wreckage,enkaz
urine,idrar
various,çeşitli
fabric,kumaş
whatnot,ıvır zıvır
salvation,"kurtulma, kurtuluş"
dread,dehşet
messenger,"haberci, elçi"
hazard,tehlike
transaction,işlem
continent,kıta
gown,elbise
archive,arşiv
surrounding,çevreleyen
mild,hafif
dunk,daldırmak
pud,puding
roam,dolaşmak
slaver,köleci
simpler,daha basit
cooperation,işbirliği
gamble,kumar
oldfashioned,eski moda
democracy,demokrasi
dwell,yaşamak
olympic,"olimpiyat, olimpik"
sever,ayırmak
landmark,işaret
reflection,yansıma
saddle,sele
certainty,kesinlik
blacksmith,demirci
flavor,"lezzet, lezzet kazmak, tat duyusu"
steward,kamarot
psychology,psikoloji
merit,hak
outdoor,dış mekan
ive,ben sahibim
uterus,rahim
wheat,buğday
stumble,yanılmak
filing,dosyalama
needy,muhtaç
distribution,dağıtım
classy,şık
mechanism,mekanizma
diner,lokanta
marijuana,esrar
kidnapper,çocuk hırsızı
businessman,işadamı
wrestler,güreşçi
allegation,iddia
goblin,cin
warlock,falcı
have in,sahip
look in,arama konumu
come down,"inmek, düşmek, gözden düşmek"
asteroid,asteroit
form,"oluşturmak, şekillendirmek, form"
so-called,"lafta, sözde"
dedicated,adanmış
inches,inç
airlock,hava kilidi
immunity,dokunulmazlık
detonate,patlatmak
infinity,sonsuzluk
fabulous,harika
amaze,"hayrete düşürmek, şaşırmak"
uncover,ortaya çıkarmak
wuss,korkak
dorm,yurt
unpack,açmak
weekly,haftalık
authorize,yetki vermek
neutrino,nötrino
pimp,pezevenk
dryer,kurutma makinesi
slot,yarık
mammal,memeli
hippie,hippi
endure,katlanmak
kindly,nazikçe
concussion,sarsıntı
novel,roman
raccoon,rakun
goods,"mal, yük"
delusional,sanrısal
bash,sertçe vurmak
soccer,futbol
industrial,sanayi
cord,kordon
scheme,düzen
fare,ücret
babysitting,Bebek Bakımı
france,fransa
sane,aklı başında
psst,hişt
rug,kilim
predictable,tahmin edilebilir
forty,kırk
peak,zirve
discipline,disiplin
regain,yeniden kazanmak
ambitious,hırslı
portion,kısım
hence,bundan dolayı
oar,kürek
secondly,ikinci olarak
pupil,öğrenci
involvement,"ilgi, bulaşma, bağlılık"
vain,nafile
tasty,lezzetli
seduce,baştan çıkartmak
painter,ressam
liability,yükümlülük
inspiration,ilham
despise,tiksinmek
countless,sayısız
hideous,iğrenç
defensive,savunma
expedition,sefer
fountain,çeşme
wig,peruk
contrary,aksi
disorder,düzensizlik
crossword,bulmaca
essential,gerekli
apparent,belli
venture,girişim
snitch,fitnelemek
stairwell,merdiven boşluğu
estimate,tahmin
chairman,başkan
aka,diğer adıyla
valiant,yiğit
penthouse,çatı katı
sang,şarkı söyledi
exclusive,özel
invade,saldırmak
wail,feryat
tribe,kabile
midst,ortasında
mechanical,"mekanik, otomatik, makineli"
behead,kafasını kesmek
copper,bakır
scavenge,temizlemek
onetime,bir kere
froze,dondu
pointy,sivri
comb,tarak
babysit,"bakıcılık, çocuk bakmak"
dairy,mandıra
hangover,akşamdan kalma
dent,göçük
turd,bok
unload,boşaltmak
longterm,uzun süreli
dental,diş
demonstrate,"göstermek, göz önüne sermek"
chopped,kıyılmış
successfully,başarılı olarak
caring,sempatik
fastest,en hızlı
unfold,açılmak
wicked,kötü
outbreak,salgın
syrup,şurup
pantie,kadın külodu
dam,baraj
confidentiality,gizlilik
obtain,elde etmek
biology,biyoloji
modify,değiştirmek
revenue,gelir
tailor,terzi
cipher,şifre
probability,olasılık
playground,oyun alanı
tons,ton
vaccine,aşı
come over,buraya gel
bobby,aynasız
beacon,fener
apprehend,kavramak
papal,papaya ait
ward,koğuş
elder,yaşça büyük
ring in,içeri girmek
pen up,tükenmek
you-know-who,kim olduğunu biliyorsun
doppelganger,tıpkısının aynısı
dated,tarihli
argentina,Arjantin
antibiotic,antibiyotik
scoff,alay
invention,icat
semester,dönem
hurricane,kasırga
deadline,son tarih
upstate,şehir dışı
wireless,kablosuz
alcoholic,"alkollü, alkolik"
contraction,kasılma
noodle,"şehriye, erişte"
hemorrhoid,basur
madame,madam
nightclub,gece kulübü
japan,japonya
pantry,kiler
korea,kore
fuss,yaygara
thankyou,teşekkür ederim
donkey,eşek
extent,derece
compartment,bölme
curve,eğri
achievement,başarı
offensive,saldırgan
originally,aslında
discreet,sağduyulu
operational,işletme
cans,konserve kutuları
bitten,ısırılan
confuse,şaşırtmak
instructor,eğitmen
hospitality,misafirperverlik
inclined,eğimli
luxury,lüks
refugee,mülteci
georgia,gürcistan
attaboy,aferin sana
sucker,"enayi, emici"
pond,gölet
litter,çöp
filth,pislik
trader,tüccar
esteem,saygı
sausage,sosis
redeem,tazmin etmek
overthrow,devirmek
vocal,vokal
unite,birleştirmek
inquiry,soruşturma
grieve,üzülmek
tender,hassas
contribution,katkı
nicest,en güzel
oscar,oskar
spicy,baharatlı
evolution,evrim
fasten,bağlamak
unfinished,bitmemiş
shallow,sığ
obligation,yükümlülük
assassination,suikast
ascension,göğe yükselme
crane,vinç
tolerate,tahammül
isle,ada
carriage,taşıma
applause,alkış
treachery,ihanet
corruption,bozulma
demonstration,gösteri
preach,"vaaz vermek, tavsiye etmek"
lace,dantel
altogether,hep beraber
inflict,vermek
verse,ayet
outstanding,"göze çarpan, seçkin"
caesar,sezar
ape,"taklit etmek, maymun"
reserve,rezerv
irony,"hiciv, alay, ince alay"
waist,bel
parallel,paralel
plow,pulluk
grandchildren,torunlar
neutral,nötr
essentially,esasen
thermal,termal
fellowship,dernek
projection,projeksiyon
lizard,kertenkele
sept,eylül
eldest,en yaşlı
peril,tehlike
crave,yalvarmak
drunken,sarhoş
sufficient,yeterli
arse,"kıç, anüs"
whichever,hangisi
merciful,merhametli
amuse,eğlendirmek
stitches,dikişler
settling,yerleşme
generate,üretmek
hearth,aile ocağı
sofa,kanepe
voicemail,sesli mesaj
firepower,ateş gücü
tripped,takılmak
penguin,penguen
guaranteed,garantili
orientation,oryantasyon
cyber,siber
blossom,çiçek açmak
volcano,volkan
motivation,motivasyon
cheerleader,ponpon kız
yacht,yat
specialist,uzman
opium,afyon
airline,havayolu
allowance,"izin, ödenek, harçlık"
summoned,çağırıldı
enchanted,büyülü
wristband,bileklik
replaced,değiştirilir
refusing,reddeden
stay away,uzak dur
sleep with,uyumak
uh-oh,a aa
go up,yukarı git
go through,"geçmek, incelemek"
get about,yayılmak
buzz,"vızıltı, vızıldamak, telefon etmek"
gay,eşcinsel
get rid of,kurtulmak
pension,emeklilik
reapers,orak
violated,ihlal
polygraph,yalan makinesi
sunflower,ayçiçeği
digit,hane
catalog,katalog
potentially,potansiyel
bloke,herif
scholarship,burs
swiss,i·sviçre
crumb,kırıntı
nude,çıplak
wardrobe,giysi dolabı
quirky,ilginç
psychiatric,psikiyatrik
virginity,bakirelik
visa,vize
roller,rulman
coal,kömür
mill,değirmen
rapist,"tecavüzcü, çapulcu"
shootout,atışları
torturing,işkence